class_loss;acc;0;0
0;0.6923939434510387;0.4491577147033882;0.0;0.0
1;0.6939767410672643;0.5303344724905205;0.0;0.0
2;0.693225508339137;0.5544433592017365;0.0;0.0
3;0.692796114615664;0.5380859373318482;0.0;0.0
4;0.6629613859369857;0.5516967771713447;0.0;0.0
5;0.6179158313131535;0.5585937498254394;0.0;0.0
6;0.6514676136722823;0.5870971677852821;0.0;0.0
7;0.5943751621996619;0.6654663083857918;0.0;0.0
8;0.6528129948125708;0.5731201170083999;0.0;0.0
9;0.6340177066505505;0.6392822263627242;0.0;0.0
10;0.6573252945946886;0.5889282224722099;0.0;0.0
11;0.6113299651023668;0.6273803708976936;0.0;0.0
12;0.6196106819362316;0.629638671678238;0.0;0.0
13;0.6019307726975768;0.6150512693390464;0.0;0.0
14;0.6237654264929695;0.6248168943359947;0.0;0.0
15;0.5814240647525587;0.6597900388563156;0.0;0.0
16;0.5700163886032386;0.6571044919821548;0.0;0.0
17;0.6411667920508051;0.6329345701147079;0.0;0.0
18;0.6063107036022058;0.6355590818326378;0.0;0.0
19;0.5890028642512517;0.6533813474520683;0.0;0.0
20;0.5872055215788693;0.6226806638679123;0.0;0.0
21;0.5928359076390762;0.6261596677730751;0.0;0.0
22;0.6071235107223346;0.585510253723278;0.0;0.0
23;0.5918662844238827;0.6416625974557304;0.0;0.0
24;0.539275613444903;0.7015991208745003;0.0;0.0
25;0.598603626526093;0.6225585935554504;0.0;0.0
26;0.6036311535141011;0.6204833982435989;0.0;0.0
27;0.6120424501547894;0.644470214642353;0.0;0.0
28;0.6068176653202491;0.6268920896478462;0.0;0.0
29;0.580822423850287;0.6317138669900894;0.0;0.0
30;0.6292304403976214;0.5977172849694633;0.0;0.0
31;0.5754944512684793;0.6626586911991691;0.0;0.0
32;0.5955901656301256;0.657836913856926;0.0;0.0
33;0.6023802857826228;0.6260986326168442;0.0;0.0
34;0.5934028027587449;0.6146850584016609;0.0;0.0
35;0.581228424613338;0.5998535154375457;0.0;0.0
36;0.5594356197978226;0.6763305661948967;0.0;0.0
37;0.5922365745541438;0.651977538858757;0.0;0.0
38;0.5509667599714605;0.6920166013462448;0.0;0.0
39;0.585600768032954;0.6447143552672767;0.0;0.0
40;0.5696092218243245;0.6409912107371902;0.0;0.0
41;0.5988949442273417;0.6439819333925056;0.0;0.0
42;0.5901029247809149;0.6352539060514831;0.0;0.0
43;0.5907294450344369;0.6500854490155983;0.0;0.0
44;0.5565160259727987;0.657775878700695;0.0;0.0
45;0.5875760491963868;0.636169433394947;0.0;0.0
46;0.569615261451219;0.6354980466764069;0.0;0.0
47;0.5606721125653662;0.6936645505644798;0.0;0.0
48;0.576372165984103;0.6351928708952522;0.0;0.0
49;0.574524405232837;0.6349487302703285;0.0;0.0
50;0.5825135361445517;0.6275634763663864;0.0;0.0
51;0.5937520990155356;0.6201171873062133;0.0;0.0
52;0.5733294261690439;0.636169433394947;0.0;0.0
53;0.5606950109935012;0.6479492185475159;0.0;0.0
54;0.5643667698005493;0.6806030271310616;0.0;0.0
55;0.5993920711790001;0.6216430662119865;0.0;0.0
56;0.5843703856728205;0.6409301755809593;0.0;0.0
57;0.5334685648055725;0.6921997068149376;0.0;0.0
58;0.5618088848995866;0.6613769529183197;0.0;0.0
59;0.6049958530785489;0.6355590818326378;0.0;0.0
60;0.592747789622384;0.642089843549347;0.0;0.0
61;0.5709041299376976;0.6378173826131821;0.0;0.0
62;0.5923701401811405;0.6544799802642249;0.0;0.0
63;0.5583674887312976;0.6574096677633094;0.0;0.0
64;0.5381285676913653;0.6732788083833503;0.0;0.0
65;0.5635572772574625;0.6546020505766869;0.0;0.0
66;0.5661785982642528;0.644531249798584;0.0;0.0
67;0.5606313308811591;0.6485595701098251;0.0;0.0
68;0.5413025099023888;0.705932616966896;0.0;0.0
69;0.6005102831856368;0.6380004880818748;0.0;0.0
70;0.5375821272093965;0.6679687497912598;0.0;0.0
71;0.5718407834024374;0.6525878904210662;0.0;0.0
72;0.5416010150856049;0.6704711911967277;0.0;0.0
73;0.601652685364819;0.6474609372976684;0.0;0.0
74;0.5811761941807247;0.6721801755711937;0.0;0.0
75;0.5564313715447603;0.6988525388441086;0.0;0.0
76;0.5612151853849063;0.6990356443128013;0.0;0.0
77;0.5466365318899781;0.6849975583796882;0.0;0.0
78;0.5344256701140445;0.7343749997705078;0.0;0.0
79;0.5842457858882468;0.6747436521328926;0.0;0.0
80;0.5061348190812108;0.7327270505522728;0.0;0.0
81;0.5741138335385912;0.6546630857329178;0.0;0.0
82;0.542749276215102;0.7045898435298157;0.0;0.0
83;0.523526105866147;0.7083129880599022;0.0;0.0
84;0.5365919022075363;0.679443359162674;0.0;0.0
85;0.5664651000964696;0.6871337888477707;0.0;0.0
86;0.5571353582786921;0.6964111325948715;0.0;0.0
87;0.5527322961152846;0.658630370887928;0.0;0.0
88;0.5368513463250013;0.6996459958751106;0.0;0.0
89;0.5738350430572898;0.661071777137165;0.0;0.0
90;0.5682510508311228;0.6629638669803237;0.0;0.0
91;0.56248845608091;0.6900024411906243;0.0;0.0
92;0.5451066101129097;0.7085571286848259;0.0;0.0
93;0.6031196804695079;0.6502075193280601;0.0;0.0
94;0.5498863466228253;0.7080688474349784;0.0;0.0
95;0.6033228140301615;0.653686523233223;0.0;0.0
96;0.5605165807641315;0.6932373044708633;0.0;0.0
97;0.5548038792925316;0.6907348630653953;0.0;0.0
98;0.5386032013402086;0.7170410154009247;0.0;0.0
99;0.5593217479179825;0.681884765411911;0.0;0.0
100;0.5545587938408563;0.6849975583796882;0.0;0.0
101;0.5239931669311384;0.6997070310313416;0.0;0.0
102;0.5326171999995442;0.7290039060221862;0.0;0.0
103;0.4854864984164925;0.745849609141922;0.0;0.0
104;0.5426257977429079;0.7154541013389206;0.0;0.0
105;0.510021708746315;0.7306518552404213;0.0;0.0
106;0.525362789466714;0.7228393552428627;0.0;0.0
107;0.5639259124275091;0.6781616208818245;0.0;0.0
108;0.5363465238549113;0.7263793943042565;0.0;0.0
109;0.5084563818102612;0.7470092771103096;0.0;0.0
110;0.5435260672286366;0.7066650388416672;0.0;0.0
111;0.5083431264659654;0.7404174802373695;0.0;0.0
112;0.4938008271477259;0.7507324216403961;0.0;0.0
113;0.522793914493713;0.7439575192987633;0.0;0.0
114;0.5339784573957571;0.7002563474374198;0.0;0.0
115;0.5164382381613478;0.7140502927456093;0.0;0.0
116;0.5354562549109857;0.7185058591504669;0.0;0.0
117;0.5069355879257439;0.7584838864817237;0.0;0.0
118;0.5237110041307953;0.7211303708683967;0.0;0.0
119;0.560667636629074;0.6925659177523231;0.0;0.0
120;0.5568642614531771;0.7134399411833;0.0;0.0
121;0.5247644016741945;0.7369384763322067;0.0;0.0
122;0.547640700653421;0.7156982419638442;0.0;0.0
123;0.5057826627327944;0.7638549802300453;0.0;0.0
124;0.4929812632823204;0.7529296872647094;0.0;0.0
125;0.5398638926622008;0.6945800779079437;0.0;0.0
126;0.5485570587366212;0.7168579099322319;0.0;0.0
127;0.5299654005301866;0.7447509763297653;0.0;0.0
128;0.5072537426182944;0.7463378903917693;0.0;0.0
129;0.5159049004566773;0.715148925557766;0.0;0.0
130;0.5168559186408035;0.6998901365000343;0.0;0.0
131;0.5543543797116629;0.6882934568161583;0.0;0.0
132;0.5517157938469899;0.7061767575918197;0.0;0.0
133;0.5145520221696654;0.749145507578392;0.0;0.0
134;0.532441859898476;0.7096557614969825;0.0;0.0
135;0.5444587951687258;0.7060546872793579;0.0;0.0
136;0.5492842847627502;0.7105102536842155;0.0;0.0
137;0.5073512846881162;0.7489013669534683;0.0;0.0
138;0.5109999364507728;0.7421874997680664;0.0;0.0
139;0.5396213371482986;0.7091064450909043;0.0;0.0
140;0.5004324706570085;0.7418212888306809;0.0;0.0
141;0.5068279247078455;0.7280273435224914;0.0;0.0
142;0.5759836684975139;0.6618652341681671;0.0;0.0
143;0.5274843059694447;0.7202148435249328;0.0;0.0
144;0.5257127572070808;0.7312011716464997;0.0;0.0
145;0.5146329615519548;0.7280273435224914;0.0;0.0
146;0.5346145115984726;0.7041015622799682;0.0;0.0
147;0.5280778425026745;0.7288208005534935;0.0;0.0
148;0.4914013574226881;0.7398071286750603;0.0;0.0
149;0.5039044160683804;0.7436523435176087;0.0;0.0
150;0.5108098432688049;0.7278442380537986;0.0;0.0
151;0.5230230966811092;0.7381591794568252;0.0;0.0
152;0.5177872393524827;0.7321166989899636;0.0;0.0
153;0.5036178713953252;0.750793456796627;0.0;0.0
154;0.5467351552253087;0.6867675779103851;0.0;0.0
155;0.48156790140868405;0.7868652341291046;0.0;0.0
156;0.48516811182462105;0.7633056638239669;0.0;0.0
157;0.5442806312976123;0.6914672849401664;0.0;0.0
158;0.5424177523869973;0.7100830075905991;0.0;0.0
159;0.5059939015938124;0.7554321286701774;0.0;0.0
160;0.4819507075830215;0.7604370114811134;0.0;0.0
161;0.5207678431880282;0.7199096677437782;0.0;0.0
162;0.537978806364801;0.7244262693048668;0.0;0.0
163;0.4877233289520696;0.7453002927358436;0.0;0.0
164;0.49300327136607425;0.759155273200264;0.0;0.0
165;0.5177591632364958;0.7304687497717285;0.0;0.0
166;0.5081161491847639;0.7291259763346482;0.0;0.0
167;0.4931437380933467;0.7465209958604622;0.0;0.0
168;0.545980740167945;0.7127075193085289;0.0;0.0
169;0.5186577223483169;0.7197265622750855;0.0;0.0
170;0.5300795620513473;0.7254028318045616;0.0;0.0
171;0.47788672506776436;0.7596435544501113;0.0;0.0
172;0.4886592513285886;0.7619628903868866;0.0;0.0
173;0.48742324191746106;0.75494384742033;0.0;0.0
174;0.5109204052282158;0.7134399411833;0.0;0.0
175;0.5142400384204925;0.7327270505522728;0.0;0.0
176;0.5333996031629115;0.7106323239966774;0.0;0.0
177;0.5031680528364748;0.743286132580223;0.0;0.0
178;0.510529937994382;0.7344970700829696;0.0;0.0
179;0.4948356825243316;0.7540283200768662;0.0;0.0
180;0.5117790301593723;0.726745605241642;0.0;0.0
181;0.5096658252449562;0.7346191403954315;0.0;0.0
182;0.4851615744058106;0.7314453122714233;0.0;0.0
183;0.5286720253737709;0.7318725583650398;0.0;0.0
184;0.5115334641452486;0.7390747068002891;0.0;0.0
185;0.4976059732334978;0.7404174802373695;0.0;0.0
186;0.47191253755395524;0.7634887692926597;0.0;0.0
187;0.46210544681636906;0.7731323239771462;0.0;0.0
188;0.5069698326568018;0.7340087888331223;0.0;0.0
189;0.48251159939737615;0.7369995114884377;0.0;0.0
190;0.49964867842602145;0.7265014646167183;0.0;0.0
191;0.46068803718818235;0.7548828122640991;0.0;0.0
192;0.4723617768301644;0.7650146481984329;0.0;0.0
193;0.5110247161505078;0.7326049802398109;0.0;0.0
194;0.4596449768596969;0.7769775388196944;0.0;0.0
195;0.49325107581400535;0.7301635739905739;0.0;0.0
196;0.4865214282989041;0.7606201169498062;0.0;0.0
197;0.47215664185729855;0.7468872067978477;0.0;0.0
198;0.42071449044983056;0.7744750974142265;0.0;0.0
199;0.5144119037570357;0.7370605466446686;0.0;0.0
200;0.46806498742005176;0.7617797849181938;0.0;0.0
201;0.4994464366067327;0.7232666013364791;0.0;0.0
202;0.48721181586060563;0.7760620114762306;0.0;0.0
203;0.4987667871943131;0.7305908200841903;0.0;0.0
204;0.4728229076986638;0.7706909177279091;0.0;0.0
205;0.4351536844428504;0.7822265622555542;0.0;0.0
206;0.45624816775965366;0.7741699216330719;0.0;0.0
207;0.478741990252734;0.7385253903942108;0.0;0.0
208;0.47557678990105434;0.7397460935188294;0.0;0.0
209;0.46652466882342497;0.764099120854969;0.0;0.0
210;0.4372490992334518;0.7904052731904984;0.0;0.0
211;0.44150668136016924;0.7713012692902184;0.0;0.0
212;0.4667971598388337;0.7418212888306809;0.0;0.0
213;0.4843551822355738;0.739990234143753;0.0;0.0
214;0.5115382138903777;0.7202758786811637;0.0;0.0
215;0.4580086375086734;0.7609863278871918;0.0;0.0
216;0.4413701741508215;0.7741699216330719;0.0;0.0
217;0.4709254781175252;0.7462768552355384;0.0;0.0
218;0.4447783817078519;0.7561035153887177;0.0;0.0
219;0.41148033492446884;0.7879638669412613;0.0;0.0
220;0.46435587000491846;0.7647705075735092;0.0;0.0
221;0.42943165624132995;0.7802734372561645;0.0;0.0
222;0.4427465613479157;0.7694091794470597;0.0;0.0
223;0.4226659199764736;0.7757568356950759;0.0;0.0
224;0.4690105145262798;0.7581787107005691;0.0;0.0
225;0.4126265459801494;0.7880859372537231;0.0;0.0
226;0.458668902373031;0.7709960935090637;0.0;0.0
227;0.46362208653654363;0.7385864255504417;0.0;0.0
228;0.4800006633987077;0.7646484372610474;0.0;0.0
229;0.455296649455305;0.7546997067954063;0.0;0.0
230;0.4185820113490775;0.782348632568016;0.0;0.0
231;0.44937006044128575;0.7665405271042061;0.0;0.0
232;0.4669973965206199;0.7365112302385902;0.0;0.0
233;0.4728659832303715;0.7577514646069526;0.0;0.0
234;0.48376780267588276;0.744995116954689;0.0;0.0
235;0.43658744250750686;0.7548217771078681;0.0;0.0
236;0.4619193126866646;0.7415161130495262;0.0;0.0
237;0.4604784523560564;0.7746582028829193;0.0;0.0
238;0.4566740196633764;0.7718505856962967;0.0;0.0
239;0.45792477004821036;0.7585449216379547;0.0;0.0
240;0.4603000039658965;0.7518310544525528;0.0;0.0
241;0.42994510788073237;0.7792358396002388;0.0;0.0
242;0.46685258936448976;0.7510375974215507;0.0;0.0
243;0.41819410897761333;0.7897949216281891;0.0;0.0
244;0.458443177720692;0.762390136480503;0.0;0.0
245;0.4196129393383872;0.7773437497570801;0.0;0.0
246;0.47695487583052415;0.7887573239722633;0.0;0.0
247;0.4548598321595922;0.7623291013242721;0.0;0.0
248;0.45348598514481947;0.7808227536622429;0.0;0.0
249;0.4749572284898076;0.7462768552355384;0.0;0.0
250;0.437256708138884;0.779846191162548;0.0;0.0
251;0.41397251455215167;0.78656005834795;0.0;0.0
252;0.4917017788021008;0.730834960709114;0.0;0.0
253;0.460165006896103;0.7644042966361236;0.0;0.0
254;0.4597838072532063;0.7460327146106147;0.0;0.0
255;0.4609804296356818;0.7479858396100044;0.0;0.0
256;0.417229678351433;0.7711181638215255;0.0;0.0
257;0.4063971008766776;0.8032226559989929;0.0;0.0
258;0.46334574683059654;0.7592773435127258;0.0;0.0
259;0.42450660407315866;0.777404784913311;0.0;0.0
260;0.4957473332375798;0.7378540036756706;0.0;0.0
261;0.47675377581271156;0.7442626950799179;0.0;0.0
262;0.40349261589777685;0.8037719724050713;0.0;0.0
263;0.43091041767542293;0.7772827146008491;0.0;0.0
264;0.48851334288351433;0.7450561521109199;0.0;0.0
265;0.46203885026738556;0.7402343747686767;0.0;0.0
266;0.43587719682021425;0.7738647458519172;0.0;0.0
267;0.46317708710635414;0.7628173825741196;0.0;0.0
268;0.40409363840185913;0.7979736325631333;0.0;0.0
269;0.4797296680873534;0.7561645505449486;0.0;0.0
270;0.45029487819308983;0.7609252927309609;0.0;0.0
271;0.4458332470156282;0.747497558360157;0.0;0.0
272;0.47382063590084406;0.7393798825814437;0.0;0.0
273;0.4423638399239325;0.7755737302263832;0.0;0.0
274;0.4082243334157603;0.7992553708439827;0.0;0.0
275;0.45571036622588423;0.7529296872647094;0.0;0.0
276;0.4311284174726692;0.7943115231892777;0.0;0.0
277;0.3949126497539592;0.8051757809983825;0.0;0.0
278;0.4425353015321398;0.7550659177327919;0.0;0.0
279;0.45800286051474487;0.7604370114811134;0.0;0.0
280;0.5018798041451695;0.7369995114884377;0.0;0.0
281;0.4397083249431647;0.7647094724172783;0.0;0.0
282;0.478607005290134;0.7426147458616829;0.0;0.0
283;0.48624641060535123;0.7369995114884377;0.0;0.0
284;0.4314601061448697;0.7594604489814186;0.0;0.0
285;0.46684638023688674;0.7595214841376495;0.0;0.0
286;0.4805864755425061;0.7575073239820289;0.0;0.0
287;0.4573806518190806;0.7488403317972374;0.0;0.0
288;0.43291548113779876;0.7819213864743996;0.0;0.0
289;0.4119372506269969;0.7949218747515869;0.0;0.0
290;0.42317863819934876;0.775695800538845;0.0;0.0
291;0.43510438208841085;0.7735595700707626;0.0;0.0
292;0.4161812061074681;0.7959594724075126;0.0;0.0
293;0.4364274273193993;0.7636718747613526;0.0;0.0
294;0.43656163090235944;0.7855834958482552;0.0;0.0
295;0.406489994715531;0.8067016599041558;0.0;0.0
296;0.4660431396622414;0.7595825192938804;0.0;0.0
297;0.3975393864015191;0.8075561520913886;0.0;0.0
298;0.3690783354697357;0.8225708005241966;0.0;0.0
299;0.42067175298821735;0.789001464597187;0.0;0.0
300;0.4092365101563586;0.7985839841254425;0.0;0.0
301;0.3783767170952985;0.8110961911527824;0.0;0.0
302;0.4420981247459133;0.778259277100544;0.0;0.0
303;0.41608750481194273;0.7764892575698471;0.0;0.0
304;0.46719890166375233;0.7672729489789771;0.0;0.0
305;0.47452611740750766;0.7372436521133613;0.0;0.0
306;0.43961688024223694;0.7794799802251625;0.0;0.0
307;0.4723550256728231;0.7560424802324867;0.0;0.0
308;0.42170733060547944;0.7893066403783416;0.0;0.0
309;0.3961957095815416;0.810668945059166;0.0;0.0
310;0.4447758145171758;0.7730102536646842;0.0;0.0
311;0.43793487721407176;0.7757568356950759;0.0;0.0
312;0.45479189683440807;0.7509765622653198;0.0;0.0
313;0.47079461332599404;0.7398681638312912;0.0;0.0
314;0.4275289474581788;0.7777709958506965;0.0;0.0
315;0.416829426176972;0.7933959958458138;0.0;0.0
316;0.4090783445748836;0.7924804685023499;0.0;0.0
317;0.45293613788487375;0.7597656247625733;0.0;0.0
318;0.435561622356856;0.7908325192841148;0.0;0.0
319;0.41391650900348337;0.7868652341291046;0.0;0.0
320;0.37079483491888443;0.8020629880306053;0.0;0.0
321;0.46475096498062407;0.7819213864743996;0.0;0.0
322;0.4029271764352918;0.79315185522089;0.0;0.0
323;0.44846367542587273;0.7809448239747048;0.0;0.0
324;0.4531001065373093;0.7683715817911339;0.0;0.0
325;0.41271570079169756;0.7946166989704323;0.0;0.0
326;0.42418295038646814;0.7929077145959663;0.0;0.0
327;0.42476095245915824;0.7866210935041809;0.0;0.0
328;0.42029402857550674;0.7761230466324616;0.0;0.0
329;0.4430099049129994;0.7762451169449234;0.0;0.0
330;0.4277931655351598;0.7816772458494758;0.0;0.0
331;0.44265000508303876;0.7696533200719833;0.0;0.0
332;0.39982508156992586;0.7787475583503913;0.0;0.0
333;0.4339955252170332;0.7841796872549438;0.0;0.0
334;0.4033354920006013;0.8005371091248321;0.0;0.0
335;0.40943966653441527;0.7867431638166428;0.0;0.0
336;0.43894203226334927;0.7694702146032906;0.0;0.0
337;0.43742846823597636;0.7742309567893028;0.0;0.0
338;0.4681910689388412;0.7562866208574104;0.0;0.0
339;0.4114343797433614;0.7980957028755951;0.0;0.0
340;0.4549809725464636;0.7434082028926849;0.0;0.0
341;0.45403276136857634;0.7661743161668205;0.0;0.0
342;0.41595097431953065;0.7858886716294098;0.0;0.0
343;0.432312732427325;0.7700805661655998;0.0;0.0
344;0.4469654279295572;0.7779541013193894;0.0;0.0
345;0.39603853911823733;0.7971801755321312;0.0;0.0
346;0.39911493693113254;0.8054809567795371;0.0;0.0
347;0.422579536548076;0.7935791013145065;0.0;0.0
348;0.44161188937893103;0.7543334958580208;0.0;0.0
349;0.4090473375867554;0.787292480222721;0.0;0.0
350;0.4320899921981754;0.7972412106883621;0.0;0.0
351;0.41489486476479503;0.7867431638166428;0.0;0.0
352;0.3906633936510562;0.8118286130275535;0.0;0.0
353;0.37279311835291923;0.7985839841254425;0.0;0.0
354;0.399761194238311;0.8084716794348525;0.0;0.0
355;0.3695753299407578;0.8284912106785964;0.0;0.0
356;0.3895487537321533;0.8110961911527824;0.0;0.0
357;0.4154282173706269;0.7893066403783416;0.0;0.0
358;0.46689619761270995;0.7550659177327919;0.0;0.0
359;0.40348520676103683;0.811401366933937;0.0;0.0
360;0.4119447156430914;0.8021240231868362;0.0;0.0
361;0.45315744108329115;0.7510375974215507;0.0;0.0
362;0.4166687213444981;0.7933349606895828;0.0;0.0
363;0.44500964633252427;0.7680664060099792;0.0;0.0
364;0.415334098376927;0.7859497067856407;0.0;0.0
365;0.37919495615434207;0.8030395505303001;0.0;0.0
366;0.4280777837674701;0.7749633786640739;0.0;0.0
367;0.42859932813438206;0.7670288083540535;0.0;0.0
368;0.472321755105178;0.7416381833619881;0.0;0.0
369;0.41521130396116357;0.7921752927211952;0.0;0.0
370;0.4156622298625548;0.79315185522089;0.0;0.0
371;0.417310503646707;0.7694702146032906;0.0;0.0
372;0.42707132488181687;0.7927246091272735;0.0;0.0
373;0.42131721215194967;0.794799804439125;0.0;0.0
374;0.3813313887194231;0.8084716794348525;0.0;0.0
375;0.39722391717761174;0.7966308591260528;0.0;0.0
376;0.3979813008256812;0.7878417966287994;0.0;0.0
377;0.4172759897634251;0.7972412106883621;0.0;0.0
378;0.4028085911319031;0.7990722653752899;0.0;0.0
379;0.41252095658479343;0.7924194333461189;0.0;0.0
380;0.35062834399971055;0.8175048825570297;0.0;0.0
381;0.3753600734044332;0.827209472397747;0.0;0.0
382;0.4251500343506628;0.7812499997558594;0.0;0.0
383;0.42640547394465844;0.7844238278798675;0.0;0.0
384;0.3812517825253989;0.8045654294360732;0.0;0.0
385;0.3917493665297988;0.7967529294385147;0.0;0.0
386;0.3976150032752962;0.8169555661509513;0.0;0.0
387;0.4359275944100013;0.7698364255406761;0.0;0.0
388;0.3766522993087922;0.8175659177132606;0.0;0.0
389;0.43235330549527545;0.7770996091321564;0.0;0.0
390;0.36793850513784243;0.8219604489618874;0.0;0.0
391;0.4040932332765393;0.7963256833448982;0.0;0.0
392;0.37899572530093617;0.8245239255235862;0.0;0.0
393;0.4382091149249686;0.7704467771029854;0.0;0.0
394;0.36420260637793117;0.8257446286482047;0.0;0.0
395;0.40440374413906094;0.8016357419369888;0.0;0.0
396;0.39858440576703963;0.7926025388148117;0.0;0.0
397;0.4200724674007362;0.7852783200671005;0.0;0.0
398;0.4150903884886939;0.7768554685072326;0.0;0.0
399;0.37043169222372;0.8268432614603615;0.0;0.0
400;0.4112627989258646;0.7978515622506713;0.0;0.0
401;0.4062143856321434;0.7986450192816734;0.0;0.0
402;0.40509806840128415;0.8054199216233062;0.0;0.0
403;0.37436082574947305;0.8221435544305801;0.0;0.0
404;0.4316758386373088;0.7766113278823089;0.0;0.0
405;0.4041938719939208;0.781555175537014;0.0;0.0
406;0.3614735071349047;0.8184814450567245;0.0;0.0
407;0.3849962343190021;0.7940673825643539;0.0;0.0
408;0.40674731448620394;0.7899169919406509;0.0;0.0
409;0.43177427803643104;0.7663574216355132;0.0;0.0
410;0.35806430492536495;0.8145751950579452;0.0;0.0
411;0.3555191516696546;0.8149414059953308;0.0;0.0
412;0.4169099343569095;0.7906494138154221;0.0;0.0
413;0.35920495714943;0.8204345700561142;0.0;0.0
414;0.4134259669680868;0.7739868161643791;0.0;0.0
415;0.39755114481468123;0.7868041989728737;0.0;0.0
416;0.36609032086763577;0.8112182614652442;0.0;0.0
417;0.3833502804593826;0.8099365231843948;0.0;0.0
418;0.34267176269555316;0.8339233395831489;0.0;0.0
419;0.3961471185247182;0.8028564450616074;0.0;0.0
420;0.39187523058476714;0.7938842770956611;0.0;0.0
421;0.4063505356792839;0.7914428708464241;0.0;0.0
422;0.3888516396931587;0.8058471677169228;0.0;0.0
423;0.40094312640416047;0.795654296626358;0.0;0.0
424;0.44352264641893885;0.7744140622579956;0.0;0.0
425;0.40256317226674615;0.7891235349096489;0.0;0.0
426;0.35961171740604037;0.8156738278701019;0.0;0.0
427;0.3956734955936987;0.8129272458397102;0.0;0.0
428;0.4146242806323573;0.7934570310020447;0.0;0.0
429;0.4046324415730572;0.793212890377121;0.0;0.0
430;0.4423818703289714;0.7853393552233314;0.0;0.0
431;0.41360741468259726;0.8032836911552238;0.0;0.0
432;0.4208949011366545;0.7914428708464241;0.0;0.0
433;0.3809762907886557;0.81225585912117;0.0;0.0
434;0.4011927271405068;0.7965698239698219;0.0;0.0
435;0.3832168456832075;0.8020629880306053;0.0;0.0
436;0.3931773764715265;0.7932739255333519;0.0;0.0
437;0.366272036919463;0.8319091794275284;0.0;0.0
438;0.3627690816095796;0.8186645505254173;0.0;0.0
439;0.4278916673328945;0.7784423825692367;0.0;0.0
440;0.33554882336166547;0.829711913803215;0.0;0.0
441;0.37715623213299304;0.8095703122470093;0.0;0.0
442;0.36336616927578536;0.8236083981801223;0.0;0.0
443;0.3616415596368287;0.8215942380245018;0.0;0.0
444;0.3582977383674823;0.8285522458348274;0.0;0.0
445;0.37345596624043675;0.8121948239649391;0.0;0.0
446;0.4286394984053191;0.7834472653801727;0.0;0.0
447;0.430761947627608;0.7816772458494758;0.0;0.0
448;0.3735310201297177;0.8091430661533928;0.0;0.0
449;0.4380737576661695;0.7666625974166679;0.0;0.0
450;0.42743355208689077;0.7683715817911339;0.0;0.0
451;0.4149197226956263;0.784057616942482;0.0;0.0
452;0.41356226323287143;0.7860717770981025;0.0;0.0
453;0.4000905778871401;0.8096923825594711;0.0;0.0
454;0.38739841978066664;0.7958984372512817;0.0;0.0
455;0.3485867850324453;0.8294677731782913;0.0;0.0
456;0.40458590943761497;0.7858276364731789;0.0;0.0
457;0.3980272932596916;0.7905883786591911;0.0;0.0
458;0.4324595531028608;0.7828979489740944;0.0;0.0
459;0.4712359154055635;0.7697143552282143;0.0;0.0
460;0.40516949618612197;0.794006347408123;0.0;0.0
461;0.37426953751073777;0.8165283200573349;0.0;0.0
462;0.3921850017443342;0.8104858395904732;0.0;0.0
463;0.3843307857131958;0.803955077873764;0.0;0.0
464;0.3370146822528137;0.8340454098956108;0.0;0.0
465;0.38026535149887586;0.8083496091223907;0.0;0.0
466;0.3856860677437719;0.8057250974044609;0.0;0.0
467;0.3686953707377299;0.8192138669314957;0.0;0.0
468;0.37180322397057297;0.8212280270871162;0.0;0.0
469;0.37649634934372156;0.8140869138080978;0.0;0.0
470;0.3469272180307568;0.8265380856792068;0.0;0.0
471;0.3616291842224611;0.8128662106834793;0.0;0.0
472;0.3894451920588723;0.827209472397747;0.0;0.0
473;0.3444320288341751;0.8330688473959159;0.0;0.0
474;0.38241933274239426;0.8030395505303001;0.0;0.0
475;0.3935791220217354;0.7870483395977974;0.0;0.0
476;0.37928042362698783;0.8215332028682708;0.0;0.0
477;0.4168450449222047;0.7896728513157272;0.0;0.0
478;0.3636329084429751;0.8285522458348274;0.0;0.0
479;0.39108249067214734;0.8067626950603867;0.0;0.0
480;0.35996299272330146;0.8302001950530624;0.0;0.0
481;0.3821750684843988;0.8060913083418464;0.0;0.0
482;0.3775835329418108;0.8002319333436775;0.0;0.0
483;0.343226395905793;0.8267211911478997;0.0;0.0
484;0.408828437666241;0.7802734372561645;0.0;0.0
485;0.37668885930776985;0.8135986325582504;0.0;0.0
486;0.40157200430077944;0.7903442380342675;0.0;0.0
487;0.40784655871163067;0.793212890377121;0.0;0.0
488;0.349847532233792;0.8256225583357429;0.0;0.0
489;0.36172323779075016;0.8352661130202294;0.0;0.0
490;0.39075975713216027;0.8067016599041558;0.0;0.0
491;0.3312579201430532;0.8482055661411857;0.0;0.0
492;0.39508082938141453;0.7999877927187538;0.0;0.0
493;0.34982723685225237;0.8302001950530624;0.0;0.0
494;0.3405217105855605;0.8366699216135406;0.0;0.0
495;0.41610071073321603;0.7866210935041809;0.0;0.0
496;0.3735904049823469;0.8208007809934997;0.0;0.0
497;0.38299725937795587;0.7984008786567497;0.0;0.0
498;0.38494863209392194;0.7960815427199744;0.0;0.0
499;0.4085977113460166;0.7952270505327416;0.0;0.0
500;0.3724905046401666;0.8070678708415413;0.0;0.0
501;0.3625272902458497;0.8154907224014091;0.0;0.0
502;0.3984327994904557;0.8093261716220855;0.0;0.0
503;0.32855856827437324;0.8437499997363281;0.0;0.0
504;0.3284547138165579;0.8383178708317757;0.0;0.0
505;0.3083547138576706;0.848022460672493;0.0;0.0
506;0.3413522123689402;0.8382568356755448;0.0;0.0
507;0.38612565339583693;0.8294067380220603;0.0;0.0
508;0.3846810626526572;0.8233642575551986;0.0;0.0
509;0.34083464218828347;0.8354492184889221;0.0;0.0
510;0.3959120250001121;0.8080444333412361;0.0;0.0
511;0.37883643654443655;0.8229370114615822;0.0;0.0
512;0.3636280064266051;0.8273925778664398;0.0;0.0
513;0.328024156987605;0.8532104489521217;0.0;0.0
514;0.3630457235297021;0.8316650388026047;0.0;0.0
515;0.3562474359110586;0.835571288801384;0.0;0.0
516;0.3652550204446919;0.82806396458498;0.0;0.0
517;0.34423125803889254;0.8319702145837593;0.0;0.0
518;0.3613145846210075;0.833007812239685;0.0;0.0
519;0.33064895345741196;0.8469238278603363;0.0;0.0
520;0.34235305561230084;0.8394165036439323;0.0;0.0
521;0.3362702484123096;0.8358154294263077;0.0;0.0
522;0.31973921264774474;0.8511962887965011;0.0;0.0
523;0.3740473602660843;0.8290405270846748;0.0;0.0
524;0.333350822923841;0.8409423825497054;0.0;0.0
525;0.35909127386241124;0.8291625973971367;0.0;0.0
526;0.39737602357441815;0.8112792966214752;0.0;0.0
527;0.363121503850591;0.8266601559916686;0.0;0.0
528;0.34002610727763377;0.8365478513010788;0.0;0.0
529;0.36174250569065974;0.8283691403661346;0.0;0.0
530;0.35262483859591065;0.8127441403710174;0.0;0.0
531;0.41259258693229117;0.8054809567795371;0.0;0.0
532;0.3703009326716397;0.8176879880257225;0.0;0.0
533;0.3543863653960523;0.8320922848962211;0.0;0.0
534;0.30862063322816424;0.8624267575429916;0.0;0.0
535;0.36115705164039114;0.8380737302068519;0.0;0.0
536;0.3277787732798752;0.8406982419247818;0.0;0.0
537;0.3772875101989166;0.8245239255235862;0.0;0.0
538;0.3153689991628562;0.8520507809837341;0.0;0.0
539;0.40374527486462664;0.7987670895941352;0.0;0.0
540;0.3634502420928761;0.8288574216159821;0.0;0.0
541;0.34139896872029224;0.8427734372366332;0.0;0.0
542;0.34491784301052314;0.8374023434883118;0.0;0.0
543;0.3313925337407767;0.8345947263016891;0.0;0.0
544;0.3145777873177502;0.849670409890728;0.0;0.0
545;0.3393420238384378;0.8455810544232559;0.0;0.0
546;0.3618545449605042;0.8338012692706871;0.0;0.0
547;0.36296740908008845;0.8378295895819282;0.0;0.0
548;0.3385168713390944;0.8284912106785964;0.0;0.0
549;0.3192584673109228;0.8612060544183731;0.0;0.0
550;0.2961175259208674;0.8622436520742989;0.0;0.0
551;0.3704797072575312;0.8380737302068519;0.0;0.0
552;0.3573133124784618;0.8292846677095985;0.0;0.0
553;0.3672515455417063;0.8329467770834541;0.0;0.0
554;0.35121176567129125;0.8341674802080726;0.0;0.0
555;0.3492033406000834;0.8447875973922538;0.0;0.0
556;0.3447550655196601;0.8444824216110992;0.0;0.0
557;0.29256408908575005;0.8699951169156265;0.0;0.0
558;0.3311124238082181;0.8474121091101837;0.0;0.0
559;0.3605605702651813;0.8222045895868111;0.0;0.0
560;0.3176866605816428;0.8658447262919235;0.0;0.0
561;0.3297709430468708;0.8499145505156517;0.0;0.0
562;0.38322102964987265;0.8108520505278587;0.0;0.0
563;0.2812403479177797;0.870422363009243;0.0;0.0
564;0.3417236426708629;0.8345947263016891;0.0;0.0
565;0.34038294026235716;0.8464965817667198;0.0;0.0
566;0.3806900320316307;0.8102416989655494;0.0;0.0
567;0.3382531072818684;0.8320312497399902;0.0;0.0
568;0.3339276883173291;0.8447875973922538;0.0;0.0
569;0.3367168653169801;0.8389892575503158;0.0;0.0
570;0.3554814121506365;0.8278808591162872;0.0;0.0
571;0.32109903883399166;0.844665527079792;0.0;0.0
572;0.37463981227417636;0.8183593747442627;0.0;0.0
573;0.2969289470001749;0.8606567380122947;0.0;0.0
574;0.3070777716552483;0.8606567380122947;0.0;0.0
575;0.33072864556594367;0.848815917703495;0.0;0.0
576;0.3630387693440396;0.8193359372439575;0.0;0.0
577;0.30122510846604184;0.854675292701664;0.0;0.0
578;0.3360453475147876;0.8551025387952804;0.0;0.0
579;0.36314660881473515;0.8358764645825386;0.0;0.0
580;0.2912746140754451;0.8646850583235359;0.0;0.0
581;0.30998470997064037;0.8538818356706619;0.0;0.0
582;0.36152893223677857;0.8292236325533676;0.0;0.0
583;0.350624207297666;0.82806396458498;0.0;0.0
584;0.3801179033447556;0.8083496091223907;0.0;0.0
585;0.3423019599962444;0.826416015366745;0.0;0.0
586;0.3197412718019566;0.8384399411442375;0.0;0.0
587;0.4218038817480822;0.8002319333436775;0.0;0.0
588;0.34061789804669806;0.8437499997363281;0.0;0.0
589;0.34992696054520456;0.8368530270822334;0.0;0.0
590;0.33474256553471;0.8472290036414909;0.0;0.0
591;0.36910400062440823;0.8181762692755699;0.0;0.0
592;0.3374921650502425;0.8379516598943901;0.0;0.0
593;0.39718256761946497;0.799804687250061;0.0;0.0
594;0.34919901577087886;0.8304443356779861;0.0;0.0
595;0.3788385706701156;0.8235473630238914;0.0;0.0
596;0.3178511749891069;0.8471069333290291;0.0;0.0
597;0.3217616054620917;0.8350830075515365;0.0;0.0
598;0.30106827560717075;0.8631591794177628;0.0;0.0
599;0.34733561764792864;0.8427734372366332;0.0;0.0
600;0.3563607734445717;0.8275146481789016;0.0;0.0
601;0.38242129876434866;0.8129272458397102;0.0;0.0
602;0.34955183964475045;0.8377075192694664;0.0;0.0
603;0.32645930106794313;0.8500366208281135;0.0;0.0
604;0.3553415531113438;0.8253784177108192;0.0;0.0
605;0.2912924079245501;0.8643798825423813;0.0;0.0
606;0.3275661430229312;0.8409423825497054;0.0;0.0
607;0.2969079726844786;0.857910155981903;0.0;0.0
608;0.34757908492663114;0.8240356442737389;0.0;0.0
609;0.37830151337949847;0.8233032223989677;0.0;0.0
610;0.3425337436004213;0.8370361325509262;0.0;0.0
611;0.31532225934247987;0.8494262692658042;0.0;0.0
612;0.31075011067626024;0.8561401364512062;0.0;0.0
613;0.35039083089905637;0.8319091794275284;0.0;0.0
614;0.35010543477956585;0.8311157223965263;0.0;0.0
615;0.40133827819054313;0.7885131833473397;0.0;0.0
616;0.3276188968588312;0.8634643551989174;0.0;0.0
617;0.32480364864786526;0.8474731442664146;0.0;0.0
618;0.3276098641940135;0.8312377927089881;0.0;0.0
619;0.3453107752223806;0.8447265622360229;0.0;0.0
620;0.34116294201046665;0.843811034892559;0.0;0.0
621;0.3525709871963568;0.8332519528646087;0.0;0.0
622;0.31219827490415764;0.8605346676998329;0.0;0.0
623;0.34435590066430466;0.8410034177059365;0.0;0.0
624;0.3616535385406103;0.8182983395880318;0.0;0.0
625;0.29776267296409925;0.8626708981679153;0.0;0.0
626;0.392201590462028;0.815612792713871;0.0;0.0
627;0.33839201648855066;0.8359985348950004;0.0;0.0
628;0.2919134713262786;0.8601684567624474;0.0;0.0
629;0.3793906926854491;0.8120727536524772;0.0;0.0
630;0.3785336635755237;0.8208007809934997;0.0;0.0
631;0.37289078521996605;0.8225097653679657;0.0;0.0
632;0.31905280625721777;0.8494873044220352;0.0;0.0
633;0.2886326540290852;0.8649902341046906;0.0;0.0
634;0.3815047409124563;0.8286132809910584;0.0;0.0
635;0.3361683410007512;0.8444213864548683;0.0;0.0
636;0.3292698542489813;0.8526611325460434;0.0;0.0
637;0.3842416120423655;0.8045654294360732;0.0;0.0
638;0.3482495526626211;0.8330688473959159;0.0;0.0
639;0.3090338934178515;0.8524780270773505;0.0;0.0
640;0.27827715515776136;0.8774414059757996;0.0;0.0
641;0.335642455972151;0.8580322262943649;0.0;0.0
642;0.3431799601622372;0.838806152081623;0.0;0.0
643;0.3610575407546472;0.8308715817716026;0.0;0.0
644;0.32062777866834324;0.8464355466104889;0.0;0.0
645;0.38136940204727804;0.8211059567746544;0.0;0.0
646;0.3409977749787086;0.8326416013022995;0.0;0.0
647;0.3534660133359921;0.8288574216159821;0.0;0.0
648;0.3100081023489856;0.852966308327198;0.0;0.0
649;0.39309206872070224;0.8155517575576401;0.0;0.0
650;0.32916354354429156;0.8387451169253921;0.0;0.0
651;0.3211977445913701;0.8463745114542579;0.0;0.0
652;0.33753345849620414;0.8416137692682457;0.0;0.0
653;0.29766603340405956;0.8616333005119896;0.0;0.0
654;0.30531909120972445;0.861328124730835;0.0;0.0
655;0.3377814007798763;0.8466796872354125;0.0;0.0
656;0.3656043916729498;0.8200683591187287;0.0;0.0
657;0.3078793351507679;0.8610839841059112;0.0;0.0
658;0.3620496428371559;0.823852538805046;0.0;0.0
659;0.35500177497126273;0.8276367184913636;0.0;0.0
660;0.30119673199852476;0.8588867184815979;0.0;0.0
661;0.33917278273607837;0.8410034177059365;0.0;0.0
662;0.33091495827675177;0.844665527079792;0.0;0.0
663;0.32518719755195574;0.845458984110794;0.0;0.0
664;0.30027759531442405;0.8588256833253669;0.0;0.0
665;0.34907129489152794;0.8324584958336066;0.0;0.0
666;0.30729723106779916;0.8510131833278084;0.0;0.0
667;0.36115939065703656;0.8202514645874214;0.0;0.0
668;0.36977085319899533;0.8299560544281387;0.0;0.0
669;0.335762836865463;0.8398437497375488;0.0;0.0
670;0.34434151126487006;0.8314819333339118;0.0;0.0
671;0.3278046817425704;0.8566284177010536;0.0;0.0
672;0.32090604341805146;0.8601074216062164;0.0;0.0
673;0.35047533375434575;0.8290405270846748;0.0;0.0
674;0.36174977000673947;0.8252563473983574;0.0;0.0
675;0.32792700327929664;0.849609374734497;0.0;0.0
676;0.355401102575238;0.8296508786469841;0.0;0.0
677;0.34255435027653147;0.8341674802080726;0.0;0.0
678;0.3359722456776224;0.8393554684877014;0.0;0.0
679;0.35281646613181983;0.8306274411466789;0.0;0.0
680;0.2794784485886084;0.8696899411344718;0.0;0.0
681;0.34656517941850423;0.8326416013022995;0.0;0.0
682;0.3384385662027065;0.8368530270822334;0.0;0.0
683;0.3556133512227572;0.8256225583357429;0.0;0.0
684;0.3280147878825073;0.8530883786396598;0.0;0.0
685;0.27811860750120027;0.8692016598846245;0.0;0.0
686;0.38204752595332087;0.8145751950579452;0.0;0.0
687;0.3489898959015481;0.8311767575527572;0.0;0.0
688;0.3266739732496314;0.8450317380171776;0.0;0.0
689;0.32247702604326856;0.8500976559843445;0.0;0.0
690;0.35876733845064196;0.8485717770785713;0.0;0.0
691;0.30964606105918063;0.8574218747320557;0.0;0.0
692;0.3183568656846668;0.8504028317654991;0.0;0.0
693;0.28089649105048436;0.8653564450420761;0.0;0.0
694;0.3520162225532187;0.8343505856767655;0.0;0.0
695;0.3596811861538431;0.8302001950530624;0.0;0.0
696;0.3156487754491026;0.8502197262968063;0.0;0.0
697;0.38541508779924005;0.8199462888062667;0.0;0.0
698;0.3037156326678488;0.8636474606676101;0.0;0.0
699;0.3250791690227776;0.8469238278603363;0.0;0.0
700;0.3208091886642895;0.8519897458275032;0.0;0.0
701;0.32696025296141423;0.8461914059855652;0.0;0.0
702;0.2645872029580355;0.8780517575381088;0.0;0.0
703;0.35051131190954515;0.8239746091175079;0.0;0.0
704;0.3566214287470446;0.821411132555809;0.0;0.0
705;0.3486877096658571;0.8432617184864807;0.0;0.0
706;0.28005397054928305;0.8690795895721626;0.0;0.0
707;0.3092558736877804;0.8626708981679153;0.0;0.0
708;0.3344487102122769;0.8524780270773505;0.0;0.0
709;0.39366247958308903;0.8182983395880318;0.0;0.0
710;0.34517112410085254;0.8359374997387695;0.0;0.0
711;0.33193790587933747;0.8489990231721878;0.0;0.0
712;0.3016271918535146;0.861328124730835;0.0;0.0
713;0.3232146027884885;0.8528442380147362;0.0;0.0
714;0.32179784741441025;0.8551025387952804;0.0;0.0
715;0.28931963225167284;0.861328124730835;0.0;0.0
716;0.33013804153466975;0.8486328122348022;0.0;0.0
717;0.33433060989511876;0.8389892575503158;0.0;0.0
718;0.33828422463172175;0.8309326169278335;0.0;0.0
719;0.33851434046999873;0.8540039059831238;0.0;0.0
720;0.31215894654882775;0.855407714576435;0.0;0.0
721;0.31590042020566894;0.8458862302044106;0.0;0.0
722;0.37480085214994635;0.826416015366745;0.0;0.0
723;0.3080336851036558;0.8505249020779609;0.0;0.0
724;0.28132232828587656;0.8829345700365829;0.0;0.0
725;0.3198928324437344;0.8482666012974167;0.0;0.0
726;0.30010331668826007;0.8664550778542328;0.0;0.0
727;0.29561715610400524;0.867919921603775;0.0;0.0
728;0.295727064274969;0.864624023167305;0.0;0.0
729;0.2958863834158676;0.8580932614505958;0.0;0.0
730;0.33818646405034086;0.8383789059880066;0.0;0.0
731;0.34763523680935887;0.8392333981752396;0.0;0.0
732;0.3051448411053143;0.8522338864524269;0.0;0.0
733;0.36606877192591103;0.8261108395855904;0.0;0.0
734;0.344515699785575;0.8367919919260025;0.0;0.0
735;0.3303596539321818;0.8416137692682457;0.0;0.0
736;0.3056890319776049;0.8615722653557586;0.0;0.0
737;0.28615995184889126;0.8671874997290039;0.0;0.0
738;0.3310366972712078;0.8469848630165672;0.0;0.0
739;0.32568711171924836;0.8478393552038002;0.0;0.0
740;0.3296560031728687;0.8510131833278084;0.0;0.0
741;0.3533515512304705;0.8373413083320809;0.0;0.0
742;0.3329764562782567;0.8375244138007736;0.0;0.0
743;0.3091791457461721;0.8594360348876762;0.0;0.0
744;0.3264680571299563;0.85046386692173;0.0;0.0
745;0.3037620143946953;0.8601074216062164;0.0;0.0
746;0.32798748290161195;0.8513793942651939;0.0;0.0
747;0.3063456939041684;0.8550415036390495;0.0;0.0
748;0.32609251131357764;0.8580932614505958;0.0;0.0
749;0.32941423229823535;0.8485717770785713;0.0;0.0
750;0.2756579050631305;0.8694458005095481;0.0;0.0
751;0.30759351993611894;0.8519897458275032;0.0;0.0
752;0.27786618974689725;0.8720092770712471;0.0;0.0
753;0.3385227165524015;0.8411254880183983;0.0;0.0
754;0.36044347810470984;0.8295898434907532;0.0;0.0
755;0.30096212380939524;0.8547363278578949;0.0;0.0
756;0.32624075132471675;0.8439331052050209;0.0;0.0
757;0.33942250826964965;0.8377075192694664;0.0;0.0
758;0.31346197043994406;0.8588867184815979;0.0;0.0
759;0.3034979886358259;0.8549194333265877;0.0;0.0
760;0.3437916907804484;0.8399047848937797;0.0;0.0
761;0.31769849769156244;0.8467407223916436;0.0;0.0
762;0.34567994601932267;0.830505370834217;0.0;0.0
763;0.3121763583228467;0.8516235348901177;0.0;0.0
764;0.3231599721047706;0.8441162106737137;0.0;0.0
765;0.2786023497176511;0.8764648434761048;0.0;0.0
766;0.32339463372853283;0.8507080075466538;0.0;0.0
767;0.3442454820121549;0.8367309567697716;0.0;0.0
768;0.32177304536293344;0.8576660153569794;0.0;0.0
769;0.29134117895946104;0.870422363009243;0.0;0.0
770;0.3457136940062025;0.8449707028609467;0.0;0.0
771;0.32983663015936054;0.8406982419247818;0.0;0.0
772;0.2987930329048463;0.8669433591040802;0.0;0.0
773;0.36621379817567673;0.8245849606798171;0.0;0.0
774;0.30510564557986664;0.8623046872305298;0.0;0.0
775;0.3368094972213595;0.8416748044244766;0.0;0.0
776;0.2910386849216592;0.8635864255113792;0.0;0.0
777;0.294860042772313;0.8709106442590904;0.0;0.0
778;0.2940323163302048;0.8595581052001381;0.0;0.0
779;0.3157774025053183;0.837219238019619;0.0;0.0
780;0.35850526171709;0.8292846677095985;0.0;0.0
781;0.2538515924614123;0.883666991911354;0.0;0.0
782;0.34502527642457625;0.8283691403661346;0.0;0.0
783;0.34668983624658567;0.8372802731758499;0.0;0.0
784;0.3162006448431878;0.8598022458250618;0.0;0.0
785;0.32859313105209026;0.8540649411393547;0.0;0.0
786;0.3725729942088809;0.8126220700585556;0.0;0.0
787;0.32836456842703665;0.8446044919235611;0.0;0.0
788;0.3357117570818903;0.8515624997338866;0.0;0.0
789;0.32774412877860226;0.8377075192694664;0.0;0.0
790;0.3826129547055963;0.8068847653728485;0.0;0.0
791;0.35415825795490685;0.8361206052074623;0.0;0.0
792;0.3118678875224241;0.8548583981703567;0.0;0.0
793;0.31444468991317776;0.8534545895770455;0.0;0.0
794;0.320478276715116;0.8548583981703567;0.0;0.0
795;0.3279197662044022;0.8526611325460434;0.0;0.0
796;0.2873874305780686;0.873779296601944;0.0;0.0
797;0.2905612603318913;0.867126464572773;0.0;0.0
798;0.38448623579087465;0.8154296872451782;0.0;0.0
799;0.312271126099135;0.851318359108963;0.0;0.0
800;0.31655591553429274;0.8560791012949752;0.0;0.0
801;0.31693315170114383;0.8550415036390495;0.0;0.0
802;0.32835538861325214;0.8495483395782661;0.0;0.0
803;0.3247100626035085;0.8375244138007736;0.0;0.0
804;0.29439336285108514;0.8653564450420761;0.0;0.0
805;0.32016655559890894;0.8611450192621422;0.0;0.0
806;0.3305284335642057;0.8497924802031899;0.0;0.0
807;0.33703618160161136;0.845458984110794;0.0;0.0
808;0.3331836148986613;0.8323364255211448;0.0;0.0
809;0.3108405749273479;0.8560791012949752;0.0;0.0
810;0.3359553028245197;0.8483886716098785;0.0;0.0
811;0.34519484023020774;0.8334350583333016;0.0;0.0
812;0.32508124540645705;0.8489990231721878;0.0;0.0
813;0.3084230969161823;0.8515014645776557;0.0;0.0
814;0.31259741810626324;0.8518676755150413;0.0;0.0
815;0.2910425941481649;0.8714599606651687;0.0;0.0
816;0.32470592368957285;0.8428955075490951;0.0;0.0
817;0.2919158221008715;0.8685913083223152;0.0;0.0
818;0.3292353936839168;0.8433227536427116;0.0;0.0
819;0.275869612262988;0.8775024411320305;0.0;0.0
820;0.32396327694067356;0.8481445309849548;0.0;0.0
821;0.3346165871598956;0.8389892575503158;0.0;0.0
822;0.3400560718829707;0.8518066403588104;0.0;0.0
823;0.3263790974304875;0.8498535153594208;0.0;0.0
824;0.30451959525031985;0.8505249020779609;0.0;0.0
825;0.2807967238182018;0.8685913083223152;0.0;0.0
826;0.355205967678514;0.8252563473983574;0.0;0.0
827;0.2964289704342698;0.8626098630116844;0.0;0.0
828;0.3150354708957408;0.8631591794177628;0.0;0.0
829;0.34642948618508645;0.8339843747393798;0.0;0.0
830;0.32745899086829555;0.8443603512986374;0.0;0.0
831;0.31969663630493694;0.838867187237854;0.0;0.0
832;0.3410871123294813;0.8358764645825386;0.0;0.0
833;0.3189646346894775;0.8500976559843445;0.0;0.0
834;0.31906179514987454;0.8501586911405754;0.0;0.0
835;0.338606600078179;0.836303710676155;0.0;0.0
836;0.36230908090102415;0.818908691150341;0.0;0.0
837;0.29992001540899604;0.8619995114493751;0.0;0.0
838;0.3286203595481192;0.8457031247357177;0.0;0.0
839;0.31135102829013755;0.8489379880159569;0.0;0.0
840;0.3256922400470039;0.8490600583284187;0.0;0.0
841;0.3085563876866043;0.8610839841059112;0.0;0.0
842;0.3692047357336762;0.8274536130226707;0.0;0.0
843;0.33386904107217874;0.8376464841132355;0.0;0.0
844;0.2982601159251486;0.8527832028585052;0.0;0.0
845;0.34337549133671663;0.8324584958336066;0.0;0.0
846;0.3794024450450145;0.812316894277401;0.0;0.0
847;0.3379193142863112;0.8358154294263077;0.0;0.0
848;0.28790731043870965;0.8672485348852348;0.0;0.0
849;0.36970054323407736;0.8120117184962463;0.0;0.0
850;0.3277022881806282;0.8447875973922538;0.0;0.0
851;0.3070831067366153;0.8653564450420761;0.0;0.0
852;0.31734621817573555;0.855407714576435;0.0;0.0
853;0.3216050974019684;0.8397827145813179;0.0;0.0
854;0.32876810793735434;0.8477783200475693;0.0;0.0
855;0.3111565092304658;0.8532714841083526;0.0;0.0
856;0.30877630146815616;0.8681030270724678;0.0;0.0
857;0.31436853799458164;0.8466186520791816;0.0;0.0
858;0.33945157833965395;0.8461303708293343;0.0;0.0
859;0.29686725479586784;0.857971191138134;0.0;0.0
860;0.279465139697983;0.883728027067585;0.0;0.0
861;0.3078620854268769;0.8632812497302246;0.0;0.0
862;0.30277713844404075;0.8587036130129051;0.0;0.0
863;0.25863968666010995;0.8912963864402198;0.0;0.0
864;0.32668158774299905;0.8423461911430168;0.0;0.0
865;0.31762064610926827;0.8617553708244514;0.0;0.0
866;0.32166098467266974;0.8536376950457382;0.0;0.0
867;0.30685053663052436;0.8630981442615318;0.0;0.0
868;0.3633584902883294;0.8315429684901428;0.0;0.0
869;0.31622770046246385;0.8569946286384391;0.0;0.0
870;0.3175804810770207;0.8610229489496803;0.0;0.0
871;0.30021363045020494;0.8588867184815979;0.0;0.0
872;0.3084818778061221;0.857971191138134;0.0;0.0
873;0.33718180389782465;0.8432617184864807;0.0;0.0
874;0.2501810111953441;0.8942871090955352;0.0;0.0
875;0.2698468364863232;0.8765258786323357;0.0;0.0
876;0.3219088661875439;0.8536987302019691;0.0;0.0
877;0.3062610581025815;0.8584594723879814;0.0;0.0
878;0.2862369964401748;0.8684692380098533;0.0;0.0
879;0.3059615601295012;0.8564453122323609;0.0;0.0
880;0.27613420333466004;0.878723144256649;0.0;0.0
881;0.3277287691738759;0.8474731442664146;0.0;0.0
882;0.31802031341315257;0.8535156247332764;0.0;0.0
883;0.2867071203922825;0.8707275387903977;0.0;0.0
884;0.3153192143833231;0.849609374734497;0.0;0.0
885;0.2798028731775598;0.8809814450371932;0.0;0.0
886;0.35758977418766613;0.8330688473959159;0.0;0.0
887;0.3551752554539805;0.8328857419272232;0.0;0.0
888;0.27463147396487086;0.8789672848815727;0.0;0.0
889;0.2665152607118453;0.8762817380074119;0.0;0.0
890;0.3108729588759023;0.8483886716098785;0.0;0.0
891;0.32763918013317744;0.8381958005193137;0.0;0.0
892;0.2897147761218137;0.8596801755125999;0.0;0.0
893;0.3153879257330423;0.8516235348901177;0.0;0.0
894;0.3487360937362384;0.833862304426918;0.0;0.0
895;0.3175912836039756;0.8540039059831238;0.0;0.0
896;0.31628181100252406;0.864624023167305;0.0;0.0
897;0.28022215087523034;0.8676147458226203;0.0;0.0
898;0.30578484423216024;0.8615722653557586;0.0;0.0
899;0.30009789010445015;0.8648071286359977;0.0;0.0
900;0.3303931584946238;0.8432617184864807;0.0;0.0
901;0.33616858943104794;0.8420410153618622;0.0;0.0
902;0.3774759076753073;0.8186645505254173;0.0;0.0
903;0.298527328204206;0.8673706051976967;0.0;0.0
904;0.331545599167004;0.8403320309873962;0.0;0.0
905;0.34219918645469194;0.8452758786421013;0.0;0.0
906;0.2921289692418443;0.8651123044171524;0.0;0.0
907;0.3091530912986635;0.8523559567648887;0.0;0.0
908;0.3021195786061003;0.8599853512937545;0.0;0.0
909;0.34423961898730354;0.8439941403612518;0.0;0.0
910;0.3350023900974466;0.8397216794250869;0.0;0.0
911;0.3185668708925198;0.8531494137958908;0.0;0.0
912;0.3472788183795964;0.8383789059880066;0.0;0.0
913;0.3128166384017432;0.8576660153569794;0.0;0.0
914;0.28405273510579737;0.8708496091028595;0.0;0.0
915;0.34262757225430873;0.8237304684925842;0.0;0.0
916;0.3291959051411042;0.8456420895794868;0.0;0.0
917;0.2928808446989632;0.867858886447544;0.0;0.0
918;0.28516577920346914;0.872070312227478;0.0;0.0
919;0.3254524964287842;0.8491210934846496;0.0;0.0
920;0.32411734377149887;0.8487548825472641;0.0;0.0
921;0.33198263031766295;0.8482055661411857;0.0;0.0
922;0.3379303565124137;0.8510131833278084;0.0;0.0
923;0.3024987100143901;0.855468749732666;0.0;0.0
924;0.2911199004410919;0.8651733395733833;0.0;0.0
925;0.315172531077867;0.8510131833278084;0.0;0.0
926;0.2929454482176377;0.8581542966068267;0.0;0.0
927;0.33875884454355704;0.8445434567673301;0.0;0.0
928;0.36819081753627925;0.8342285153643035;0.0;0.0
929;0.3324057828993193;0.8369750973946952;0.0;0.0
930;0.2663759832835002;0.8760986325387191;0.0;0.0
931;0.3215376007297168;0.8416748044244766;0.0;0.0
932;0.3018036281212526;0.8638916012925338;0.0;0.0
933;0.3022491423399951;0.8557128903575897;0.0;0.0
934;0.31621466800002007;0.8569335934822082;0.0;0.0
935;0.3288896824369607;0.8474731442664146;0.0;0.0
936;0.32015017968842335;0.8491821286408806;0.0;0.0
937;0.33187700564846445;0.8497314450469589;0.0;0.0
938;0.34491508769268703;0.8362426755199242;0.0;0.0
939;0.32837656036933427;0.842163085674324;0.0;0.0
940;0.2893709651221551;0.8670654294165421;0.0;0.0
941;0.32021623560465245;0.8532714841083526;0.0;0.0
942;0.29081992376820837;0.8671874997290039;0.0;0.0
943;0.3409973224723528;0.8367309567697716;0.0;0.0
944;0.3292973818159719;0.8453369137983322;0.0;0.0
945;0.28129795231447746;0.8757934567575645;0.0;0.0
946;0.300484141590236;0.8544311520767403;0.0;0.0
947;0.3390744682505964;0.8345336911454582;0.0;0.0
948;0.3170953545659785;0.8518066403588104;0.0;0.0
949;0.28508753762984695;0.8740234372268677;0.0;0.0
950;0.31729825133786754;0.853820800514431;0.0;0.0
951;0.30842944830330854;0.8583984372317505;0.0;0.0
952;0.2777785939693385;0.8732910153520965;0.0;0.0
953;0.3256958787243018;0.8424072262992477;0.0;0.0
954;0.311479880610001;0.8502807614530372;0.0;0.0
955;0.30424354891098365;0.8638916012925338;0.0;0.0
956;0.2607207992463527;0.8872070309727478;0.0;0.0
957;0.34555705579374946;0.8359374997387695;0.0;0.0
958;0.2816153279556945;0.8756103512888718;0.0;0.0
959;0.29568368513210214;0.8662109372293091;0.0;0.0
960;0.3319216097715549;0.8443603512986374;0.0;0.0
961;0.33138927027006093;0.8511962887965011;0.0;0.0
962;0.31327094267577277;0.8534545895770455;0.0;0.0
963;0.308316118918868;0.855529784888897;0.0;0.0
964;0.28998019583774615;0.8622436520742989;0.0;0.0
965;0.3100505407396371;0.8530273434834289;0.0;0.0
966;0.32717749338151647;0.8449707028609467;0.0;0.0
967;0.31219691610452166;0.8618164059806823;0.0;0.0
968;0.30722484728033883;0.8536376950457382;0.0;0.0
969;0.28986040004784147;0.8690185544159317;0.0;0.0
970;0.29544710987328027;0.8640747067612267;0.0;0.0
971;0.32699098614070565;0.8377685544256973;0.0;0.0
972;0.3176529469372829;0.8530273434834289;0.0;0.0
973;0.3117311606373641;0.8581542966068267;0.0;0.0
974;0.2895581341840703;0.8641967770736885;0.0;0.0
975;0.32089521958709266;0.857116698950901;0.0;0.0
976;0.3177724724108104;0.8534545895770455;0.0;0.0
977;0.2965366647350591;0.8615112301995277;0.0;0.0
978;0.3268528994082719;0.837219238019619;0.0;0.0
979;0.3607072829072985;0.82806396458498;0.0;0.0
980;0.30291165099326495;0.8522338864524269;0.0;0.0
981;0.3092274238786106;0.8607788083247566;0.0;0.0
982;0.3254731133494427;0.8444824216110992;0.0;0.0
983;0.297906468994952;0.8656005856669998;0.0;0.0
984;0.2969437156807279;0.864624023167305;0.0;0.0
985;0.3026985643882595;0.8633422848864555;0.0;0.0
986;0.3430720813431629;0.8383178708317757;0.0;0.0
987;0.2870074775104376;0.867980956760006;0.0;0.0
988;0.2841175915949661;0.8623657223867607;0.0;0.0
989;0.4061642716300803;0.8153076169327164;0.0;0.0
990;0.2776060806651142;0.8726196286335564;0.0;0.0
991;0.3061768390678466;0.8615722653557586;0.0;0.0
992;0.29197266549061074;0.8662109372293091;0.0;0.0
993;0.28511127331697617;0.8699951169156265;0.0;0.0
994;0.3463837745448322;0.8328247067709923;0.0;0.0
995;0.3121047314678086;0.8527832028585052;0.0;0.0
996;0.3249623881568766;0.8468017575478745;0.0;0.0
997;0.3008193247011507;0.860473632543602;0.0;0.0
998;0.28309526448604555;0.8781738278505706;0.0;0.0
999;0.2605813686154442;0.8873291012852096;0.0;0.0
1000;0.2995941956988283;0.8627319333241462;0.0;0.0
1001;0.2622626406718038;0.8808593747247314;0.0;0.0
1002;0.2740705369813714;0.8807373044122696;0.0;0.0
1003;0.2599051831409245;0.8831787106615067;0.0;0.0
1004;0.3583696035828917;0.8261718747418213;0.0;0.0
1005;0.3100341082513051;0.8503417966092681;0.0;0.0
1006;0.28124466599489556;0.8702392575405502;0.0;0.0
1007;0.30483296771786644;0.8602294919186783;0.0;0.0
1008;0.3135328864630273;0.8499755856718826;0.0;0.0
1009;0.359942527375392;0.8253173825545883;0.0;0.0
1010;0.28381554494124583;0.8771972653508758;0.0;0.0
1011;0.30265475311171813;0.8566894528572845;0.0;0.0
1012;0.28525415426519196;0.867126464572773;0.0;0.0
1013;0.2890155831380025;0.8638916012925338;0.0;0.0
1014;0.3521935480011845;0.8333129880208396;0.0;0.0
1015;0.3255988618039965;0.8536987302019691;0.0;0.0
1016;0.35093126481608206;0.8290405270846748;0.0;0.0
1017;0.3550348266781029;0.8348999020828438;0.0;0.0
1018;0.34267638077495327;0.8482055661411857;0.0;0.0
1019;0.30110047142856516;0.8571777341071319;0.0;0.0
1020;0.3134521412614946;0.8489379880159569;0.0;0.0
1021;0.29213466951807576;0.8650512692609215;0.0;0.0
1022;0.3156743546892677;0.856323241919899;0.0;0.0
1023;0.2630170866956432;0.8850097653484345;0.0;0.0
1024;0.26990428954310264;0.8831176755052758;0.0;0.0
1025;0.3267543391700456;0.8451538083296394;0.0;0.0
1026;0.2694361199714171;0.8781127926943397;0.0;0.0
1027;0.2681117254868491;0.8781738278505706;0.0;0.0
1028;0.27126556859256545;0.8815307614432716;0.0;0.0
1029;0.2615594498694271;0.8767700192572594;0.0;0.0
1030;0.28811682297692076;0.8649291989484597;0.0;0.0
1031;0.284932693144672;0.8648071286359977;0.0;0.0
1032;0.2917234221493023;0.8606567380122947;0.0;0.0
1033;0.31369020058283864;0.8415527341120147;0.0;0.0
1034;0.30374609529793234;0.856323241919899;0.0;0.0
1035;0.2814439466740592;0.8714599606651687;0.0;0.0
1036;0.26540245328652273;0.8789672848815727;0.0;0.0
1037;0.3438269276028786;0.840515136456089;0.0;0.0
1038;0.2718511169392447;0.8815917965995025;0.0;0.0
1039;0.31049315190950016;0.8558959958262825;0.0;0.0
1040;0.2918298099209351;0.865417480198307;0.0;0.0
1041;0.2975571934600886;0.8690185544159317;0.0;0.0
1042;0.3568431256620803;0.8350219723953056;0.0;0.0
1043;0.32270456281650656;0.8505249020779609;0.0;0.0
1044;0.299795046122191;0.8607788083247566;0.0;0.0
1045;0.2924109116679832;0.8654785153545379;0.0;0.0
1046;0.3430346682527071;0.8428955075490951;0.0;0.0
1047;0.2965449212589264;0.8648071286359977;0.0;0.0
1048;0.29440991617852114;0.8708496091028595;0.0;0.0
1049;0.32858576056523703;0.8546142575454331;0.0;0.0
1050;0.3095580538698747;0.8557128903575897;0.0;0.0
1051;0.3173378274250022;0.860473632543602;0.0;0.0
1052;0.2829500971409098;0.8706665036341666;0.0;0.0
1053;0.28475843547326596;0.8722534176961708;0.0;0.0
1054;0.3017206444859126;0.8595581052001381;0.0;0.0
1055;0.2879140101404787;0.8783569333192635;0.0;0.0
1056;0.36411338357983514;0.8347778317703819;0.0;0.0
1057;0.3384605286516542;0.8457031247357177;0.0;0.0
1058;0.2647077298361611;0.8793334958189583;0.0;0.0
1059;0.27984757398357496;0.8709106442590904;0.0;0.0
1060;0.29296037010075415;0.8693847653533172;0.0;0.0
1061;0.3029418032601006;0.8562011716074371;0.0;0.0
1062;0.2557375167162984;0.8912963864402198;0.0;0.0
1063;0.3142125022314189;0.8516845700463486;0.0;0.0
1064;0.313347997278774;0.8549804684828186;0.0;0.0
1065;0.33376128029824076;0.8469848630165672;0.0;0.0
1066;0.32058997744920464;0.8452758786421013;0.0;0.0
1067;0.2904737956379849;0.8728637692584801;0.0;0.0
1068;0.26456706194321256;0.8793945309751892;0.0;0.0
1069;0.28787341821324614;0.8743286130080223;0.0;0.0
1070;0.3823261127078092;0.8179321286506462;0.0;0.0
1071;0.3043733550215785;0.8476562497351074;0.0;0.0
1072;0.2830496038357022;0.8789062497253418;0.0;0.0
1073;0.2670888846371135;0.8785400387879562;0.0;0.0
1074;0.2693552145824017;0.876220702851181;0.0;0.0
1075;0.27351194937548096;0.8784179684754944;0.0;0.0
1076;0.31108690741995026;0.856262206763668;0.0;0.0
1077;0.24820925380728653;0.8884887692535972;0.0;0.0
1078;0.29309229857908053;0.8731689450396347;0.0;0.0
1079;0.2697598663247038;0.8777465817569542;0.0;0.0
1080;0.3053360885451978;0.8606567380122947;0.0;0.0
1081;0.2858265213706461;0.8677978512913131;0.0;0.0
1082;0.26231247679049385;0.8862915036292839;0.0;0.0
1083;0.31814837608788826;0.8545532223892021;0.0;0.0
1084;0.3469455250386003;0.8336181638019943;0.0;0.0
1085;0.32542869007755465;0.8433227536427116;0.0;0.0
1086;0.2901954391530031;0.8699340817593956;0.0;0.0
1087;0.2940051822470019;0.8601074216062164;0.0;0.0
1088;0.32403774176842626;0.8461303708293343;0.0;0.0
1089;0.279912568075654;0.880371093474884;0.0;0.0
1090;0.28343919329800976;0.8691406247283935;0.0;0.0
1091;0.2747427820300792;0.8755493161326409;0.0;0.0
1092;0.302252671856101;0.8597412106688308;0.0;0.0
1093;0.2541435264653746;0.8909912106590652;0.0;0.0
1094;0.349147406996084;0.8449707028609467;0.0;0.0
1095;0.2527225959721956;0.8891601559721374;0.0;0.0
1096;0.32158706140899407;0.8535766598895073;0.0;0.0
1097;0.311131054903941;0.8493041989533424;0.0;0.0
1098;0.31130400383429946;0.8590698239502906;0.0;0.0
1099;0.3466894043457418;0.8289794919284439;0.0;0.0
1100;0.3324714572061236;0.8500976559843445;0.0;0.0
1101;0.3019000716960981;0.8649291989484597;0.0;0.0
1102;0.31828544302210315;0.8517456052025795;0.0;0.0
1103;0.29707406696427474;0.8695068356657791;0.0;0.0
1104;0.29006561255331165;0.8655395505107689;0.0;0.0
1105;0.32800192352378815;0.8494873044220352;0.0;0.0
1106;0.272128009152309;0.8815917965995025;0.0;0.0
1107;0.3701003406902914;0.8269653317728233;0.0;0.0
1108;0.2614658988660822;0.8839111325362777;0.0;0.0
1109;0.27160918319957617;0.877014159882183;0.0;0.0
1110;0.3796028798656784;0.8287353513035202;0.0;0.0
1111;0.30335379196164325;0.8638916012925338;0.0;0.0
1112;0.2811116547376612;0.868713378634777;0.0;0.0
1113;0.29284935679914065;0.8755493161326409;0.0;0.0
1114;0.2894961446550313;0.8680419919162369;0.0;0.0
1115;0.28775068514835733;0.8796386716001129;0.0;0.0
1116;0.2510254689639153;0.8884277340973663;0.0;0.0
1117;0.3066294217920976;0.8605957028560638;0.0;0.0
1118;0.28339593941802915;0.8704833981654739;0.0;0.0
1119;0.3235746437138192;0.8517456052025795;0.0;0.0
1120;0.29612280384231143;0.8652954098858452;0.0;0.0
1121;0.24820982272896414;0.8864135739417457;0.0;0.0
1122;0.3266699788071101;0.8501586911405754;0.0;0.0
1123;0.2891952417818477;0.8723754880086326;0.0;0.0
1124;0.30184661447882377;0.8610229489496803;0.0;0.0
1125;0.26232124996555933;0.8772583005071067;0.0;0.0
1126;0.27182827439046425;0.880371093474884;0.0;0.0
1127;0.2533567774598371;0.8825073239429665;0.0;0.0
1128;0.25847456561240395;0.8801879880061912;0.0;0.0
1129;0.31496183284960344;0.8527832028585052;0.0;0.0
1130;0.28255332182644943;0.867919921603775;0.0;0.0
1131;0.2951713551543252;0.8622436520742989;0.0;0.0
1132;0.26926242225770886;0.8743286130080223;0.0;0.0
1133;0.31266543259386614;0.8543701169205093;0.0;0.0
1134;0.3244267639388707;0.8526000973898125;0.0;0.0
1135;0.3175209261416063;0.8439331052050209;0.0;0.0
1136;0.26323265352907943;0.8829956051928138;0.0;0.0
1137;0.2869385852513084;0.8666381833229255;0.0;0.0
1138;0.32773184463384697;0.8461914059855652;0.0;0.0
1139;0.2968008114494478;0.8587036130129051;0.0;0.0
1140;0.34063423693711137;0.836425780988617;0.0;0.0
1141;0.25977031086835595;0.8843994137861252;0.0;0.0
1142;0.3050517401636034;0.8646850583235359;0.0;0.0
1143;0.29094388815795574;0.8695068356657791;0.0;0.0
1144;0.3175461215604555;0.8493041989533424;0.0;0.0
1145;0.2821880971596701;0.8700561520718574;0.0;0.0
1146;0.26652008216881257;0.8790893551940345;0.0;0.0
1147;0.270212480248261;0.8814697262870407;0.0;0.0
1148;0.27417849577777176;0.8718872067587852;0.0;0.0
1149;0.2741793374605483;0.8690185544159317;0.0;0.0
1150;0.2604370754911674;0.8889770505034447;0.0;0.0
1151;0.32667234040832793;0.8400268552062415;0.0;0.0
1152;0.24778945899275656;0.8925781247210693;0.0;0.0
1153;0.26815311974847944;0.879577636443882;0.0;0.0
1154;0.30084594609127646;0.8583374020755196;0.0;0.0
1155;0.34255998827056583;0.8442993161424064;0.0;0.0
1156;0.334932143229633;0.8381958005193137;0.0;0.0
1157;0.2971545773561033;0.857116698950901;0.0;0.0
1158;0.3385112296197698;0.845520019267025;0.0;0.0
1159;0.29470425741850736;0.8602294919186783;0.0;0.0
1160;0.2947157207188288;0.8668823239478493;0.0;0.0
1161;0.3180269127649142;0.8469848630165672;0.0;0.0
1162;0.38430393801168444;0.8111572263090133;0.0;0.0
1163;0.26997226770912514;0.8760986325387191;0.0;0.0
1164;0.29794933573578;0.8626708981679153;0.0;0.0
1165;0.28900010246134145;0.8616943356682205;0.0;0.0
1166;0.27558493733641604;0.8665161130104637;0.0;0.0
1167;0.30422307669457016;0.8569335934822082;0.0;0.0
1168;0.3160774907040801;0.8560180661387443;0.0;0.0
1169;0.36162169126668936;0.8199462888062667;0.0;0.0
1170;0.2803796319346132;0.8752441403514862;0.0;0.0
1171;0.29610198820069866;0.857910155981903;0.0;0.0
1172;0.30620915735815957;0.8611450192621422;0.0;0.0
1173;0.2907257387379171;0.8624267575429916;0.0;0.0
1174;0.3618912709677307;0.826416015366745;0.0;0.0
1175;0.268157689340898;0.8905639645654487;0.0;0.0
1176;0.2793437621148934;0.8763427731636428;0.0;0.0
1177;0.31345798065403563;0.8568725583259773;0.0;0.0
1178;0.2787154930704074;0.8696899411344718;0.0;0.0
1179;0.3389455246611207;0.8353881833326912;0.0;0.0
1180;0.32909059607384306;0.8493041989533424;0.0;0.0
1181;0.30140279945811815;0.8630371091053008;0.0;0.0
1182;0.28548366614077947;0.8793334958189583;0.0;0.0
1183;0.32496965899221436;0.8442382809861755;0.0;0.0
1184;0.27434278038139065;0.8778076169131851;0.0;0.0
1185;0.3162914781308455;0.8558349606700516;0.0;0.0
1186;0.2791358781688265;0.8782348630068015;0.0;0.0
1187;0.2632292359244776;0.8822631833180428;0.0;0.0
1188;0.30299126114541014;0.8551635739515113;0.0;0.0
1189;0.29201241247543774;0.8677978512913131;0.0;0.0
1190;0.28233240664029957;0.8742065426955604;0.0;0.0
1191;0.3060806876954589;0.8489990231721878;0.0;0.0
1192;0.28225006759659627;0.8809814450371932;0.0;0.0
1193;0.27448990233977927;0.8709106442590904;0.0;0.0
1194;0.3189662021053701;0.8500976559843445;0.0;0.0
1195;0.32527069434603423;0.844665527079792;0.0;0.0
1196;0.2673822896650819;0.8798828122250366;0.0;0.0
1197;0.3018262089683897;0.8633422848864555;0.0;0.0
1198;0.28281509005939864;0.8713378903527069;0.0;0.0
1199;0.27421314749679465;0.8793334958189583;0.0;0.0
1200;0.3081186857508612;0.8567504880135155;0.0;0.0
1201;0.24145125869566797;0.8997192380000877;0.0;0.0
1202;0.3438549075598097;0.8352050778639984;0.0;0.0
1203;0.29123168388826665;0.8657836911356925;0.0;0.0
1204;0.3073124914866714;0.8566284177010536;0.0;0.0
1205;0.3212353071590991;0.8485107419223403;0.0;0.0
1206;0.2912721723804858;0.8670654294165421;0.0;0.0
1207;0.29325029687173804;0.8539428708268928;0.0;0.0
1208;0.32509552025321503;0.8479614255162621;0.0;0.0
1209;0.28008614541591953;0.8670654294165421;0.0;0.0
1210;0.29149675697757854;0.8608398434809875;0.0;0.0
1211;0.25643150837994727;0.8830566403490447;0.0;0.0
1212;0.28595845974427486;0.8750610348827934;0.0;0.0
1213;0.298970934957901;0.8551025387952804;0.0;0.0
1214;0.31371769206107947;0.8567504880135155;0.0;0.0
1215;0.30175045716925464;0.8583984372317505;0.0;0.0
1216;0.28799835373960786;0.8724975583210944;0.0;0.0
1217;0.29018082670181194;0.8696289059782409;0.0;0.0
1218;0.288489815223216;0.8714599606651687;0.0;0.0
1219;0.2770261847479692;0.8670654294165421;0.0;0.0
1220;0.2987781850618745;0.8654785153545379;0.0;0.0
1221;0.26308556020886;0.8801269528499603;0.0;0.0
1222;0.3317088191525051;0.8468627927041054;0.0;0.0
1223;0.30577019825335644;0.8573608395758248;0.0;0.0
1224;0.29644635776107114;0.86627197238554;0.0;0.0
1225;0.32691258042147975;0.8532714841083526;0.0;0.0
1226;0.30929510483631656;0.8665161130104637;0.0;0.0
1227;0.3109303877182948;0.8589477536378288;0.0;0.0
1228;0.2545262250719547;0.8799438473812675;0.0;0.0
1229;0.29762132223708077;0.8602905270749092;0.0;0.0
1230;0.3185144983167986;0.8551025387952804;0.0;0.0
1231;0.32787205245344375;0.8476562497351074;0.0;0.0
1232;0.29266019785013003;0.8613891598870659;0.0;0.0
1233;0.26498192540471144;0.8726806637897873;0.0;0.0
1234;0.3294897891017064;0.8564453122323609;0.0;0.0
1235;0.28378807977286774;0.8736572262894821;0.0;0.0
1236;0.37756047432619305;0.8265380856792068;0.0;0.0
1237;0.31752161485465;0.8535156247332764;0.0;0.0
1238;0.3209133339275786;0.8569946286384391;0.0;0.0
1239;0.32196263539788056;0.8461914059855652;0.0;0.0
1240;0.24736147110070963;0.8900756833156013;0.0;0.0
1241;0.25228075838214586;0.8857421872232055;0.0;0.0
1242;0.285167276886584;0.8628540036366081;0.0;0.0
1243;0.3110768796369619;0.8628540036366081;0.0;0.0
1244;0.26520352499653815;0.879577636443882;0.0;0.0
1245;0.33680837555973403;0.8384399411442375;0.0;0.0
1246;0.33101459884916423;0.8421020505180931;0.0;0.0
1247;0.2738192164414763;0.8800659176937293;0.0;0.0
1248;0.2721142463001363;0.8732910153520965;0.0;0.0
1249;0.25497596120875726;0.8779907223818779;0.0;0.0
1250;0.26456030217113746;0.8822021481618119;0.0;0.0
1251;0.2617949406031111;0.8751220700390243;0.0;0.0
1252;0.28489438074585544;0.8707275387903977;0.0;0.0
1253;0.24787129576255398;0.8890380856596756;0.0;0.0
1254;0.37850309151503764;0.8154296872451782;0.0;0.0
1255;0.30684721122685743;0.8543701169205093;0.0;0.0
1256;0.30745892123955665;0.8586425778566742;0.0;0.0
1257;0.2995532023715662;0.8592529294189835;0.0;0.0
1258;0.34147483588701116;0.8509521481715774;0.0;0.0
1259;0.33186937334355254;0.8489990231721878;0.0;0.0
1260;0.3061461573441274;0.8548583981703567;0.0;0.0
1261;0.32659638499879506;0.8499755856718826;0.0;0.0
1262;0.2669958743829383;0.877868652069416;0.0;0.0
1263;0.3129639203147839;0.8530273434834289;0.0;0.0
1264;0.27534878548011954;0.871215820040245;0.0;0.0
1265;0.35693210200894016;0.83135986302145;0.0;0.0
1266;0.319618573545249;0.8540039059831238;0.0;0.0
1267;0.3067806527456841;0.8563842770761299;0.0;0.0
1268;0.2696471432312591;0.8852539059733582;0.0;0.0
1269;0.3022913042442574;0.8551635739515113;0.0;0.0
1270;0.2938299399348041;0.8582763669192887;0.0;0.0
1271;0.29833933841427224;0.8575439450445175;0.0;0.0
1272;0.25271610023007035;0.892028808314991;0.0;0.0
1273;0.3046651198740782;0.8569946286384391;0.0;0.0
1274;0.3290054899543562;0.8490600583284187;0.0;0.0
1275;0.2942105673381866;0.8629760739490699;0.0;0.0
1276;0.32142268856256123;0.8469848630165672;0.0;0.0
1277;0.32192334010450213;0.8498535153594208;0.0;0.0
1278;0.285435092080593;0.8730468747271728;0.0;0.0
1279;0.29009444397190626;0.8618164059806823;0.0;0.0
1280;0.3136392033377291;0.854675292701664;0.0;0.0
1281;0.27328595522167204;0.8767089841010284;0.0;0.0
1282;0.3222125192562895;0.8457641598919486;0.0;0.0
1283;0.3571647895780908;0.8190917966190338;0.0;0.0
1284;0.3003560533041295;0.8590087887940597;0.0;0.0
1285;0.29098816486295365;0.8723144528524017;0.0;0.0
1286;0.34090930678472836;0.8361206052074623;0.0;0.0
1287;0.28467783416107106;0.8657836911356925;0.0;0.0
1288;0.25675998521162724;0.8886108395660591;0.0;0.0
1289;0.3120969118506439;0.8585815427004433;0.0;0.0
1290;0.2984152382936966;0.8616333005119896;0.0;0.0
1291;0.26599481134745007;0.8879394528475189;0.0;0.0
1292;0.3170343368720458;0.8479003903600311;0.0;0.0
1293;0.285661014988225;0.8641357419174576;0.0;0.0
1294;0.30003521966219404;0.8731079098834038;0.0;0.0
1295;0.2946342170714747;0.8574218747320557;0.0;0.0
1296;0.30325263566174104;0.8562011716074371;0.0;0.0
1297;0.3399169972501162;0.8404541012998581;0.0;0.0
1298;0.26045470606778365;0.8854980465982818;0.0;0.0
1299;0.2695330520249528;0.8775024411320305;0.0;0.0
1300;0.3155028734650787;0.8541870114518165;0.0;0.0
1301;0.2787427060831985;0.8759765622262573;0.0;0.0
1302;0.31225866674932035;0.8549194333265877;0.0;0.0
1303;0.3227407568057125;0.8475952145788764;0.0;0.0
1304;0.2841819826556783;0.8688964841034699;0.0;0.0
1305;0.2880211385463887;0.8740234372268677;0.0;0.0
1306;0.29876498030475446;0.8574218747320557;0.0;0.0
1307;0.2631224997217867;0.8810424801934242;0.0;0.0
1308;0.26516374914071134;0.880310058318653;0.0;0.0
1309;0.24436640382558503;0.9035644528426361;0.0;0.0
1310;0.2577712369742862;0.880310058318653;0.0;0.0
1311;0.2876355730960942;0.8711547848840141;0.0;0.0
1312;0.2795763777393752;0.8775634762882614;0.0;0.0
1313;0.2532625921676114;0.8838500973800468;0.0;0.0
1314;0.30967605837722306;0.8643798825423813;0.0;0.0
1315;0.2561576895313782;0.8817138669119644;0.0;0.0
1316;0.24115851548880396;0.8939819333143806;0.0;0.0
1317;0.2886372597684613;0.8656005856669998;0.0;0.0
1318;0.2971619332910413;0.8569946286384391;0.0;0.0
1319;0.2985070423687228;0.8638305661363029;0.0;0.0
1320;0.29416889082760855;0.8665771481666946;0.0;0.0
1321;0.24612273431142317;0.8910522458152962;0.0;0.0
1322;0.27938709608861545;0.8677978512913131;0.0;0.0
1323;0.3303072689000212;0.8442993161424064;0.0;0.0
1324;0.27647475808135274;0.8822631833180428;0.0;0.0
1325;0.2962573581846361;0.8674926755101585;0.0;0.0
1326;0.31700976637064404;0.8675537106663894;0.0;0.0
1327;0.31295828371773343;0.8549804684828186;0.0;0.0
1328;0.2700505733111743;0.8765258786323357;0.0;0.0
1329;0.29466966367431474;0.8588867184815979;0.0;0.0
1330;0.27427943042290126;0.8764038083198737;0.0;0.0
1331;0.2643840673019061;0.8710327145715523;0.0;0.0
1332;0.296109918761665;0.860473632543602;0.0;0.0
1333;0.2833957929675543;0.8685913083223152;0.0;0.0
1334;0.3031424392464406;0.8584594723879814;0.0;0.0
1335;0.3373770925791888;0.852966308327198;0.0;0.0
1336;0.28211082462718645;0.8685913083223152;0.0;0.0
1337;0.28401037808945584;0.8699340817593956;0.0;0.0
1338;0.25686159861629043;0.8776245114444923;0.0;0.0
1339;0.2717477120774021;0.8801269528499603;0.0;0.0
1340;0.269693823912652;0.8665771481666946;0.0;0.0
1341;0.25390154581033136;0.891174316127758;0.0;0.0
1342;0.29493437919396576;0.8662109372293091;0.0;0.0
1343;0.2615891287915644;0.8773803708195687;0.0;0.0
1344;0.3274033445773103;0.8516845700463486;0.0;0.0
1345;0.2858810288869536;0.8741455075393295;0.0;0.0
1346;0.27843878246524506;0.8749999997265625;0.0;0.0
1347;0.3005590419277075;0.8641357419174576;0.0;0.0
1348;0.3192476424322261;0.8530883786396598;0.0;0.0
1349;0.29281087140715584;0.8606567380122947;0.0;0.0
1350;0.31752476761439474;0.8594360348876762;0.0;0.0
1351;0.23427239774855899;0.8980102536256218;0.0;0.0
1352;0.24477698343607268;0.8827514645678901;0.0;0.0
1353;0.29837667315721644;0.8649291989484597;0.0;0.0
1354;0.2581408276230863;0.8829345700365829;0.0;0.0
1355;0.261662316543237;0.8730468747271728;0.0;0.0
1356;0.35061466310392436;0.8481445309849548;0.0;0.0
1357;0.27811995559062663;0.8733520505083274;0.0;0.0
1358;0.31672549214560963;0.8664550778542328;0.0;0.0
1359;0.28836824246983944;0.8673706051976967;0.0;0.0
1360;0.2645653986010948;0.877868652069416;0.0;0.0
1361;0.34666108212776464;0.8395996091126251;0.0;0.0
1362;0.2829318999127148;0.8716430661338616;0.0;0.0
1363;0.3028005958985509;0.8618164059806823;0.0;0.0
1364;0.28868446466804815;0.8701782223843193;0.0;0.0
1365;0.3051245914749961;0.8602905270749092;0.0;0.0
1366;0.2544463359886985;0.8842773434736633;0.0;0.0
1367;0.2865543781349885;0.8676147458226203;0.0;0.0
1368;0.2152957079724956;0.9114990231526565;0.0;0.0
1369;0.29292230880978665;0.8685302731660842;0.0;0.0
1370;0.25211891442574835;0.8847045895672798;0.0;0.0
1371;0.2969592235985743;0.8644409176986122;0.0;0.0
1372;0.2906280084536238;0.8657226559794616;0.0;0.0
1373;0.2841633146439219;0.8651733395733833;0.0;0.0
1374;0.3198628466508089;0.8629760739490699;0.0;0.0
1375;0.25847722721590605;0.8792724606627274;0.0;0.0
1376;0.2885360858898455;0.8627929684803771;0.0;0.0
1377;0.2401103316055912;0.8955688473763848;0.0;0.0
1378;0.3065244230880844;0.8577270505132103;0.0;0.0
1379;0.30075021439612376;0.8602905270749092;0.0;0.0
1380;0.3020792532699546;0.8660278317606163;0.0;0.0
1381;0.29891220331164237;0.8659057614481545;0.0;0.0
1382;0.28708228308583716;0.8704833981654739;0.0;0.0
1383;0.29826050742987575;0.8636474606676101;0.0;0.0
1384;0.28148629437717504;0.8707275387903977;0.0;0.0
1385;0.2961472940171412;0.8568115231697464;0.0;0.0
1386;0.30579872815626763;0.8568725583259773;0.0;0.0
1387;0.3213575236892051;0.8536376950457382;0.0;0.0
1388;0.23680134552581483;0.8962402340949249;0.0;0.0
1389;0.31213452866791286;0.8597412106688308;0.0;0.0
1390;0.27334995279859653;0.8739013669144058;0.0;0.0
1391;0.30526217412908657;0.8681640622286987;0.0;0.0
1392;0.26251609149567245;0.8791503903502654;0.0;0.0
1393;0.30277921133526053;0.8497314450469589;0.0;0.0
1394;0.3027544539872673;0.8550415036390495;0.0;0.0
1395;0.2740477215573609;0.8715209958213996;0.0;0.0
1396;0.3013112725679732;0.8659667966043854;0.0;0.0
1397;0.2923768292198839;0.8588867184815979;0.0;0.0
1398;0.27950403562860004;0.8663330075417709;0.0;0.0
1399;0.29609364424892465;0.8657226559794616;0.0;0.0
1400;0.2683147307578181;0.8768920895697212;0.0;0.0
1401;0.30538579066985244;0.8599243161375236;0.0;0.0
1402;0.26949543939863546;0.8760986325387191;0.0;0.0
1403;0.2971694829410747;0.8668823239478493;0.0;0.0
1404;0.307008466936634;0.8493652341095733;0.0;0.0
1405;0.31665735775022524;0.842224120830555;0.0;0.0
1406;0.3010918093137167;0.8684082028536224;0.0;0.0
1407;0.29459011114775385;0.8676757809788513;0.0;0.0
1408;0.3123936898961459;0.8567504880135155;0.0;0.0
1409;0.26105916945953206;0.8844604489423561;0.0;0.0
1410;0.29734160311075736;0.8692626950408554;0.0;0.0
1411;0.3265117168337487;0.8521728512961959;0.0;0.0
1412;0.28411676423127413;0.8671874997290039;0.0;0.0
1413;0.30976332295319126;0.855529784888897;0.0;0.0
1414;0.3085534490146363;0.861328124730835;0.0;0.0
1415;0.27224246357441934;0.881164550505886;0.0;0.0
1416;0.29611858204066666;0.8582153317630576;0.0;0.0
1417;0.2419075066399102;0.8948364255016136;0.0;0.0
1418;0.30886783487755914;0.8619995114493751;0.0;0.0
1419;0.2813275791989659;0.8659667966043854;0.0;0.0
1420;0.26887693329228074;0.877868652069416;0.0;0.0
1421;0.2426150490470155;0.8930664059709167;0.0;0.0
1422;0.27628363834907727;0.8765869137885666;0.0;0.0
1423;0.2808968645108367;0.8724975583210944;0.0;0.0
1424;0.3430748070915073;0.8418579098931693;0.0;0.0
1425;0.24429392271491565;0.887084960660286;0.0;0.0
1426;0.25568867140841217;0.8817749020681953;0.0;0.0
1427;0.31952986157758495;0.8557739255138206;0.0;0.0
1428;0.2977452929132555;0.861267089574604;0.0;0.0
1429;0.2487986789005967;0.8850097653484345;0.0;0.0
1430;0.323948527235818;0.8534545895770455;0.0;0.0
1431;0.277517376613692;0.8774414059757996;0.0;0.0
1432;0.3202799277077726;0.8521728512961959;0.0;0.0
1433;0.2988205556988087;0.8608398434809875;0.0;0.0
1434;0.31795140927966054;0.8482055661411857;0.0;0.0
1435;0.24410611523137574;0.8972778317508506;0.0;0.0
1436;0.256177993644067;0.8829345700365829;0.0;0.0
1437;0.2712055276231826;0.8715209958213996;0.0;0.0
1438;0.302854098983462;0.857910155981903;0.0;0.0
1439;0.26605896573581306;0.8890380856596756;0.0;0.0
1440;0.25712915292356325;0.8908081051903725;0.0;0.0
1441;0.2633378079967932;0.878723144256649;0.0;0.0
1442;0.32973148500487254;0.8536987302019691;0.0;0.0
1443;0.31945278159604357;0.8505859372341918;0.0;0.0
1444;0.26437202925914105;0.8764038083198737;0.0;0.0
1445;0.32864021476332717;0.8472290036414909;0.0;0.0
1446;0.31224192296641784;0.8500366208281135;0.0;0.0
1447;0.2757053446560061;0.8820800778493499;0.0;0.0
1448;0.30184403285264777;0.8530883786396598;0.0;0.0
1449;0.282602728721848;0.8702392575405502;0.0;0.0
1450;0.29431916321743545;0.8628540036366081;0.0;0.0
1451;0.2711029065857017;0.8742675778517913;0.0;0.0
1452;0.29714472070363795;0.8689575192597008;0.0;0.0
1453;0.3253509284843042;0.8483276364536476;0.0;0.0
1454;0.2639681062767534;0.8768920895697212;0.0;0.0
1455;0.32841991646196744;0.8423461911430168;0.0;0.0
1456;0.26114472668839095;0.8798828122250366;0.0;0.0
1457;0.2609187219407877;0.8851928708171272;0.0;0.0
1458;0.28681939994335115;0.8619995114493751;0.0;0.0
1459;0.2872550286386285;0.8639526364487647;0.0;0.0
1460;0.2413690785006713;0.8948974606578445;0.0;0.0
1461;0.2922587935132293;0.865417480198307;0.0;0.0
1462;0.26033396195866765;0.8821411130055808;0.0;0.0
1463;0.2986440180333254;0.8641357419174576;0.0;0.0
1464;0.2786403374341352;0.8780517575381088;0.0;0.0
1465;0.25833350446849845;0.8783569333192635;0.0;0.0
1466;0.2839394640454331;0.8689575192597008;0.0;0.0
1467;0.2815952129305921;0.8760375973824882;0.0;0.0
1468;0.30891053904439025;0.8472900387977218;0.0;0.0
1469;0.3389502294699356;0.8408813473934745;0.0;0.0
1470;0.3030967390148878;0.865417480198307;0.0;0.0
1471;0.2909658836688549;0.8654785153545379;0.0;0.0
1472;0.27105767434374256;0.882019042693119;0.0;0.0
1473;0.26406337580307854;0.8841552731612015;0.0;0.0
1474;0.28171375128950227;0.8706054684779357;0.0;0.0
1475;0.3269277918295015;0.8443603512986374;0.0;0.0
1476;0.33817313088712087;0.84387207004879;0.0;0.0
1477;0.2846175645519962;0.8701782223843193;0.0;0.0
1478;0.22982666366536447;0.9034423825301743;0.0;0.0
1479;0.3421498224001318;0.8432617184864807;0.0;0.0
1480;0.3020877520541066;0.8531494137958908;0.0;0.0
1481;0.2776928696844929;0.8686523434785461;0.0;0.0
1482;0.30725883380221297;0.8495483395782661;0.0;0.0
1483;0.26420875933146687;0.8806762692560386;0.0;0.0
1484;0.26666029825389725;0.8789672848815727;0.0;0.0
1485;0.2775144519697703;0.8624877926992225;0.0;0.0
1486;0.2831747498409658;0.8722534176961708;0.0;0.0
1487;0.24724482644073514;0.8857421872232055;0.0;0.0
1488;0.31438960683951933;0.8524169919211196;0.0;0.0
1489;0.32976550063057714;0.8553466794202041;0.0;0.0
1490;0.31827502664477064;0.852966308327198;0.0;0.0
1491;0.23306930616665159;0.9054565426857948;0.0;0.0
1492;0.24183192527280623;0.896179198938694;0.0;0.0
1493;0.28077768630421407;0.8692626950408554;0.0;0.0
1494;0.28590669078199715;0.8651733395733833;0.0;0.0
1495;0.3131871723056881;0.8613891598870659;0.0;0.0
1496;0.24567925014306205;0.8917236325338364;0.0;0.0
1497;0.28165141589054227;0.8710937497277832;0.0;0.0
1498;0.35801719362369677;0.8385009763004684;0.0;0.0
1499;0.3164299406519381;0.8527221677022743;0.0;0.0
1500;0.2676737595211562;0.8715820309776305;0.0;0.0
1501;0.2868902775493782;0.8668823239478493;0.0;0.0
1502;0.3063922235948889;0.8568725583259773;0.0;0.0
1503;0.24546393418464435;0.8945922848766898;0.0;0.0
1504;0.2813647972937577;0.8716430661338616;0.0;0.0
1505;0.269003800498077;0.881225585662117;0.0;0.0
1506;0.2542699062402185;0.8835449215988922;0.0;0.0
1507;0.26486392881360504;0.8751220700390243;0.0;0.0
1508;0.2841978419149658;0.8707885739466286;0.0;0.0
1509;0.2633100146536229;0.8814086911308098;0.0;0.0
1510;0.2908633483130508;0.8659667966043854;0.0;0.0
1511;0.25199559276499256;0.8916015622213745;0.0;0.0
1512;0.2425475099995868;0.8897705075344466;0.0;0.0
1513;0.31558281580834463;0.8548583981703567;0.0;0.0
1514;0.2826823756612349;0.8775024411320305;0.0;0.0
1515;0.31827292697802684;0.8484497067661094;0.0;0.0
1516;0.2720073071855395;0.8827514645678901;0.0;0.0
1517;0.2840642946815899;0.8715820309776305;0.0;0.0
1518;0.28799972860455825;0.8598632809812927;0.0;0.0
1519;0.27334903800699795;0.8732910153520965;0.0;0.0
1520;0.25763468203465656;0.8859863278481293;0.0;0.0
1521;0.2899505327480926;0.8665161130104637;0.0;0.0
1522;0.26052916926572184;0.8829345700365829;0.0;0.0
1523;0.3054079112108071;0.8613891598870659;0.0;0.0
1524;0.23789634361879455;0.8887939450347518;0.0;0.0
1525;0.2817477732016343;0.8698120114469338;0.0;0.0
1526;0.284685520366277;0.8630371091053008;0.0;0.0
1527;0.3071504206368117;0.8605957028560638;0.0;0.0
1528;0.2949022742929377;0.8640747067612267;0.0;0.0
1529;0.2735120569432383;0.881164550505886;0.0;0.0
1530;0.31260741271088494;0.8572998044195937;0.0;0.0
1531;0.28471551989621047;0.8677368161350822;0.0;0.0
1532;0.2902014627145832;0.8771972653508758;0.0;0.0
1533;0.24766851767608544;0.8842773434736633;0.0;0.0
1534;0.27747501377658434;0.865417480198307;0.0;0.0
1535;0.25942631732947286;0.882873534880352;0.0;0.0
1536;0.24790821123571674;0.8915405270651435;0.0;0.0
1537;0.29674047664779274;0.8616333005119896;0.0;0.0
1538;0.26420220887414037;0.8835449215988922;0.0;0.0
1539;0.27590152618468067;0.8761596676949501;0.0;0.0
1540;0.33310321358798917;0.8472900387977218;0.0;0.0
1541;0.28166116904978655;0.8767089841010284;0.0;0.0
1542;0.322071851363341;0.8611450192621422;0.0;0.0
1543;0.2777533770136548;0.876220702851181;0.0;0.0
1544;0.27389843171284994;0.8733520505083274;0.0;0.0
1545;0.2857931051674334;0.8706665036341666;0.0;0.0
1546;0.3068896125974366;0.8605346676998329;0.0;0.0
1547;0.28745174724939015;0.8645019528548431;0.0;0.0
1548;0.24806154360227692;0.8903808590967559;0.0;0.0
1549;0.2840454193341454;0.8734741208207893;0.0;0.0
1550;0.27160705733938495;0.8845825192548179;0.0;0.0
1551;0.2849332930910329;0.8597412106688308;0.0;0.0
1552;0.26804685491142644;0.8789672848815727;0.0;0.0
1553;0.2739642284885727;0.8807373044122696;0.0;0.0
1554;0.3085727308843845;0.8533935544208144;0.0;0.0
1555;0.26050727538539864;0.880432128631115;0.0;0.0
1556;0.3224143454728794;0.8468627927041054;0.0;0.0
1557;0.3303198669004841;0.8425903317679405;0.0;0.0
1558;0.28264505779851234;0.8720092770712471;0.0;0.0
1559;0.2910600860159252;0.8681640622286987;0.0;0.0
1560;0.2859315054063288;0.8654785153545379;0.0;0.0
1561;0.2678134305497042;0.8829956051928138;0.0;0.0
1562;0.24784063924275196;0.8863525387855148;0.0;0.0
1563;0.2209829240346797;0.9056396481544876;0.0;0.0
1564;0.22391136495849845;0.8917846676900673;0.0;0.0
1565;0.30856826490160233;0.8596801755125999;0.0;0.0
1566;0.29017444603623227;0.8614501950432968;0.0;0.0
1567;0.3057040451303336;0.8477172848913384;0.0;0.0
1568;0.268346901084257;0.8718261716025543;0.0;0.0
1569;0.277079828462589;0.8696899411344718;0.0;0.0
1570;0.27924768280358986;0.8800048825374984;0.0;0.0
1571;0.2993409073907489;0.8641967770736885;0.0;0.0
1572;0.21256345678463162;0.9036865231550979;0.0;0.0
1573;0.2554438918962025;0.8828124997241211;0.0;0.0
1574;0.29929576641840205;0.8525390622335816;0.0;0.0
1575;0.32819465246505675;0.8483276364536476;0.0;0.0
1576;0.24660218330542932;0.8858642575356674;0.0;0.0
1577;0.2997723085800308;0.8572387692633628;0.0;0.0
1578;0.31783213945417965;0.8469238278603363;0.0;0.0
1579;0.24709998238094802;0.8908081051903725;0.0;0.0
1580;0.2877958000436721;0.8653564450420761;0.0;0.0
1581;0.2358107275058283;0.8945312497204589;0.0;0.0
1582;0.3226870980735162;0.855407714576435;0.0;0.0
1583;0.2795429573452109;0.8646850583235359;0.0;0.0
1584;0.2813430978270219;0.868774413791008;0.0;0.0
1585;0.24865196282422752;0.88537597628582;0.0;0.0
1586;0.2700077906804163;0.8873291012852096;0.0;0.0
1587;0.2668396522388453;0.8765869137885666;0.0;0.0
1588;0.2909928456902122;0.8666992184791564;0.0;0.0
1589;0.24840198123515594;0.8897705075344466;0.0;0.0
1590;0.2855725601820068;0.8758544919137955;0.0;0.0
1591;0.30949115068293365;0.8558959958262825;0.0;0.0
1592;0.24407641203664387;0.8917236325338364;0.0;0.0
1593;0.2590524807228487;0.8801879880061912;0.0;0.0
1594;0.28492919067330064;0.86956787082201;0.0;0.0
1595;0.280949433595621;0.8725585934773255;0.0;0.0
1596;0.28328655895771904;0.8751220700390243;0.0;0.0
1597;0.3030586926250815;0.8588867184815979;0.0;0.0
1598;0.2601671755897835;0.8791503903502654;0.0;0.0
1599;0.25236839176185355;0.8922729489399147;0.0;0.0
1600;0.2621703491658254;0.880371093474884;0.0;0.0
1601;0.24698705777258137;0.8886108395660591;0.0;0.0
1602;0.2890412941603119;0.8760375973824882;0.0;0.0
1603;0.26655658698692775;0.8724975583210944;0.0;0.0
1604;0.24035059420331542;0.8988037106566238;0.0;0.0
1605;0.2689279791989948;0.8786621091004181;0.0;0.0
1606;0.30066327229059686;0.8677368161350822;0.0;0.0
1607;0.29174902292630195;0.8793334958189583;0.0;0.0
1608;0.25059179709378193;0.8908081051903725;0.0;0.0
1609;0.2726715359916041;0.8798217770688057;0.0;0.0
1610;0.29734314316904936;0.8593139645752144;0.0;0.0
1611;0.2693607071736991;0.880432128631115;0.0;0.0
1612;0.2784147745990935;0.8728637692584801;0.0;0.0
1613;0.31398159791216745;0.8547973630141258;0.0;0.0
1614;0.2801912253778273;0.8789672848815727;0.0;0.0
1615;0.28446940579875174;0.8650512692609215;0.0;0.0
1616;0.25250805766812745;0.887817382535057;0.0;0.0
1617;0.28897475395634414;0.8692626950408554;0.0;0.0
1618;0.23936343301989413;0.8975830075320053;0.0;0.0
1619;0.31963863702746764;0.844665527079792;0.0;0.0
1620;0.2470055177501577;0.8917236325338364;0.0;0.0
1621;0.27341568973684394;0.877075195038414;0.0;0.0
1622;0.2918514764421348;0.8714599606651687;0.0;0.0
1623;0.2240054348249326;0.8973388669070815;0.0;0.0
1624;0.21833381632039262;0.908630370809803;0.0;0.0
1625;0.2402626822417427;0.8966674801885414;0.0;0.0
1626;0.27736203410377047;0.8767089841010284;0.0;0.0
1627;0.25102472390585584;0.889465331753292;0.0;0.0
1628;0.24382960066961532;0.8931274411271477;0.0;0.0
1629;0.2738058251870107;0.8791503903502654;0.0;0.0
1630;0.31651667029950264;0.8487548825472641;0.0;0.0
1631;0.22975205052449182;0.9044799801861;0.0;0.0
1632;0.25271960491333284;0.8835449215988922;0.0;0.0
1633;0.3097784011820849;0.8563842770761299;0.0;0.0
1634;0.2318996435936423;0.8949584958140755;0.0;0.0
1635;0.23986419899809633;0.8917236325338364;0.0;0.0
1636;0.3024396460023877;0.8606567380122947;0.0;0.0
1637;0.28135953648536594;0.874511718476715;0.0;0.0
1638;0.2623238208815257;0.8790283200378036;0.0;0.0
1639;0.30503186853383507;0.8583984372317505;0.0;0.0
1640;0.2540772707804533;0.8885498044098281;0.0;0.0
1641;0.20716662698470653;0.9115600583088874;0.0;0.0
1642;0.2947974573132418;0.8619995114493751;0.0;0.0
1643;0.26369558056957876;0.8710937497277832;0.0;0.0
1644;0.2654734464929643;0.8822631833180428;0.0;0.0
1645;0.2990708129011546;0.8651123044171524;0.0;0.0
1646;0.28206668389528444;0.8734741208207893;0.0;0.0
1647;0.2646781279809668;0.881164550505886;0.0;0.0
1648;0.2019071208147809;0.9140624997143555;0.0;0.0
1649;0.2649504145710705;0.8822631833180428;0.0;0.0
1650;0.2771691690729907;0.8748168942578697;0.0;0.0
1651;0.2934017501785892;0.8719482419150162;0.0;0.0
1652;0.23481062803995853;0.8931884762833786;0.0;0.0
1653;0.29252025825143463;0.8633422848864555;0.0;0.0
1654;0.29126943755174634;0.8637084958238411;0.0;0.0
1655;0.3126558981790115;0.8577880856694412;0.0;0.0
1656;0.2522297968765401;0.8866577145666694;0.0;0.0
1657;0.2788147897519593;0.8684692380098533;0.0;0.0
1658;0.28695355253640037;0.8676757809788513;0.0;0.0
1659;0.2435376845936126;0.8884277340973663;0.0;0.0
1660;0.32022749296626957;0.8498535153594208;0.0;0.0
1661;0.24709904744949873;0.8930664059709167;0.0;0.0
1662;0.28764983094621516;0.8669433591040802;0.0;0.0
1663;0.2614675416026879;0.8768310544134903;0.0;0.0
1664;0.33946113370926656;0.8376464841132355;0.0;0.0
1665;0.279110666335417;0.8732299801958656;0.0;0.0
1666;0.2639370170994079;0.8926391598773002;0.0;0.0
1667;0.26068121279825446;0.8833007809739685;0.0;0.0
1668;0.2341540108168786;0.8951416012827682;0.0;0.0
1669;0.27916975683190504;0.8746948239454079;0.0;0.0
1670;0.2516534565161533;0.8925781247210693;0.0;0.0
1671;0.26054541292840194;0.8843994137861252;0.0;0.0
1672;0.2814346190128161;0.8655395505107689;0.0;0.0
1673;0.2814480245863662;0.8588867184815979;0.0;0.0
1674;0.31329058659717174;0.8503417966092681;0.0;0.0
1675;0.28075841200146184;0.8710327145715523;0.0;0.0
1676;0.2595680650909463;0.8776245114444923;0.0;0.0
1677;0.22861007506567163;0.8950195309703064;0.0;0.0
1678;0.2590168195665706;0.890319823940525;0.0;0.0
1679;0.28893477425728886;0.8723754880086326;0.0;0.0
1680;0.25300543025611477;0.8833618161301994;0.0;0.0
1681;0.2491770867294539;0.8795166012876511;0.0;0.0
1682;0.2382772061229194;0.8865966794104385;0.0;0.0
1683;0.2968240635473303;0.8622436520742989;0.0;0.0
1684;0.2977027005051333;0.8602905270749092;0.0;0.0
1685;0.28000202882666786;0.8812866208183479;0.0;0.0
1686;0.3125125474949723;0.8485717770785713;0.0;0.0
1687;0.24839036950529927;0.8872070309727478;0.0;0.0
1688;0.3204988405503877;0.8591918942627526;0.0;0.0
1689;0.25871455288789214;0.8825073239429665;0.0;0.0
1690;0.2493702961749632;0.8840942380049706;0.0;0.0
1691;0.22473395207160318;0.9058837887794113;0.0;0.0
1692;0.29695734459707296;0.8742675778517913;0.0;0.0
1693;0.2842398603955516;0.8677978512913131;0.0;0.0
1694;0.29933719444047574;0.8593749997314453;0.0;0.0
1695;0.2692528030342923;0.8698730466031647;0.0;0.0
1696;0.2685230056847433;0.8743286130080223;0.0;0.0
1697;0.2662518231995969;0.8879394528475189;0.0;0.0
1698;0.3140701964913081;0.8510131833278084;0.0;0.0
1699;0.2575757535300887;0.8875122067539024;0.0;0.0
1700;0.29762439536874535;0.8602905270749092;0.0;0.0
1701;0.28434823421257416;0.8594970700439072;0.0;0.0
1702;0.25585867340131485;0.8905029294092178;0.0;0.0
1703;0.26763729381858914;0.8773803708195687;0.0;0.0
1704;0.2349477924137978;0.8971557614383888;0.0;0.0
1705;0.2643928585213464;0.8837890622238159;0.0;0.0
1706;0.2579075559400586;0.8844604489423561;0.0;0.0
1707;0.24615840943753992;0.8890380856596756;0.0;0.0
1708;0.2953199532589941;0.8582763669192887;0.0;0.0
1709;0.33624849993472333;0.8415527341120147;0.0;0.0
1710;0.2327994881634465;0.9016113278432465;0.0;0.0
1711;0.29026014558282204;0.8682250973849296;0.0;0.0
1712;0.2830654826527638;0.8689575192597008;0.0;0.0
1713;0.29161754101714993;0.8639526364487647;0.0;0.0
1714;0.2792813376000046;0.8637084958238411;0.0;0.0
1715;0.2888419294292859;0.8693847653533172;0.0;0.0
1716;0.28917892943412776;0.8713378903527069;0.0;0.0
1717;0.25305089765702393;0.8835449215988922;0.0;0.0
1718;0.24898880141922572;0.8842163083174324;0.0;0.0
1719;0.25136022541267566;0.8882446286286735;0.0;0.0
1720;0.23774659521433103;0.8950195309703064;0.0;0.0
1721;0.31558441803241843;0.8588867184815979;0.0;0.0
1722;0.23507567953422823;0.8982543942505454;0.0;0.0
1723;0.3116121705579015;0.8558349606700516;0.0;0.0
1724;0.29889794010641657;0.8661499020730782;0.0;0.0
1725;0.25276154015696356;0.8848876950359725;0.0;0.0
1726;0.3123160008296409;0.8580322262943649;0.0;0.0
1727;0.24802684450221807;0.8898925778469086;0.0;0.0
1728;0.24724667278773876;0.8884887692535972;0.0;0.0
1729;0.2618697453636034;0.8767089841010284;0.0;0.0
1730;0.25042377392851906;0.8859863278481293;0.0;0.0
1731;0.26679449310570824;0.8780517575381088;0.0;0.0
1732;0.30637288037426613;0.8623046872305298;0.0;0.0
1733;0.28784773885590426;0.8700561520718574;0.0;0.0
1734;0.2783919495126113;0.8723144528524017;0.0;0.0
1735;0.31730697992586476;0.857910155981903;0.0;0.0
1736;0.26030908167609457;0.8819580075368881;0.0;0.0
1737;0.3156639438998706;0.8562011716074371;0.0;0.0
1738;0.3030603892619813;0.8670043942603111;0.0;0.0
1739;0.26646018194555376;0.8792114255064964;0.0;0.0
1740;0.2585543863598663;0.8790283200378036;0.0;0.0
1741;0.29849359546773335;0.8647460934797668;0.0;0.0
1742;0.252263615411105;0.8863525387855148;0.0;0.0
1743;0.3054695810051648;0.859619140356369;0.0;0.0
1744;0.24712319920498804;0.8813476559745789;0.0;0.0
1745;0.27023508600827695;0.8753051755077171;0.0;0.0
1746;0.2670972637463147;0.8785400387879562;0.0;0.0
